village_code,visit_month,spray_status,total_residents,clinic_tests,total_rdts,avg_distance_to_health_facility_km,incidence_per_1000,positivity_rate,rainfall,prev_month_rainfall,dist_missing
7001,2016-12-01,1,1273,0.0,66,7.0,20.98,0.52,4.39,1.55,1
7001,2017-01-01,1,1273,0.0,105,7.0,48.13,0.74,5.64,4.39,1
7001,2017-02-01,1,1273,0.0,105,7.0,46.9,0.72,3.42,5.64,1
7001,2017-03-01,1,1273,0.0,49,7.0,20.36,0.67,5.78,3.42,1
7001,2017-04-01,1,1273,14.0,101,7.0,47.52,0.76,4.8,5.78,1
7001,2017-05-01,1,1273,1.0,65,7.0,35.79,0.89,0.57,4.8,1
7001,2017-06-01,1,1273,48.0,116,7.0,58.01,0.81,1.12,0.57,1
7001,2017-07-01,1,1273,58.0,112,7.0,38.26,0.55,0.82,1.12,1
7001,2017-08-01,1,1273,67.0,133,7.0,59.24,0.72,0.36,0.82,1
7001,2017-09-01,1,1273,44.0,78,7.0,34.56,0.72,0.18,0.36,1
7001,2017-10-01,1,1273,49.0,95,7.0,38.26,0.65,0.34,0.18,1
7001,2017-11-01,1,1273,40.0,68,7.0,29.62,0.71,6.41,0.34,1
7001,2017-12-01,1,1273,39.0,72,7.0,29.62,0.67,10.29,6.41,1
7001,2018-01-01,1,1273,56.0,98,7.0,35.79,0.59,9.3,10.29,1
7001,2018-02-01,1,1273,56.0,177,7.0,74.67,0.68,5.32,9.3,1
7001,2018-03-01,1,1273,74.0,206,7.0,88.86,0.7,3.17,5.32,1
7001,2018-04-01,1,1273,49.0,111,7.0,49.37,0.72,4.29,3.17,1
7001,2018-05-01,1,1273,88.0,148,7.0,57.39,0.63,0.62,4.29,1
7001,2018-06-01,1,1273,76.0,97,7.0,40.11,0.67,0.61,0.62,1
7001,2018-07-01,1,1273,48.0,94,7.0,43.2,0.74,4.0,0.61,1
7001,2018-08-01,1,1273,66.0,98,7.0,40.73,0.67,0.23,4.0,1
7001,2018-09-01,1,1273,38.0,85,7.0,30.24,0.58,0.36,0.23,1
7001,2018-10-01,1,1273,47.0,70,7.0,21.6,0.5,0.56,0.36,1
7002,2016-12-01,1,1500,14.0,1,7.6,0.0,0.0,4.39,1.55,0
7002,2017-01-01,1,1500,14.0,15,7.6,4.89,0.73,5.64,4.39,0
7002,2017-02-01,1,1500,0.0,10,7.6,3.11,0.7,3.42,5.64,0
7002,2017-03-01,1,1500,0.0,9,7.6,2.67,0.67,5.78,3.42,0
7002,2017-04-01,1,1500,0.0,12,7.6,2.67,0.5,4.8,5.78,0
7002,2017-05-01,1,1500,2.0,20,7.6,5.33,0.6,0.57,4.8,0
7002,2017-06-01,1,1500,10.0,18,7.6,6.67,0.83,1.12,0.57,0
7002,2017-07-01,1,1500,11.0,11,7.6,2.67,0.55,0.82,1.12,0
7002,2017-08-01,1,1500,13.0,14,7.6,4.0,0.64,0.36,0.82,0
7002,2017-09-01,1,1500,9.0,9,7.6,3.11,0.78,0.18,0.36,0
7002,2017-10-01,1,1500,7.0,7,7.6,1.33,0.43,0.34,0.18,0
7002,2017-11-01,1,1500,4.0,4,7.6,0.44,0.25,6.41,0.34,0
7002,2017-12-01,1,1500,5.0,6,7.6,0.89,0.33,10.29,6.41,0
7002,2018-01-01,1,1500,13.0,13,7.6,2.22,0.38,9.3,10.29,0
7002,2018-02-01,1,1500,14.0,14,7.6,2.67,0.43,5.32,9.3,0
7002,2018-03-01,1,1500,5.0,8,7.6,2.22,0.62,3.17,5.32,0
7002,2018-04-01,1,1500,10.0,12,7.6,4.0,0.75,4.29,3.17,0
7002,2018-05-01,1,1500,9.0,10,7.6,2.22,0.5,0.62,4.29,0
7002,2018-06-01,1,1500,10.0,11,7.6,3.56,0.73,0.61,0.62,0
7002,2018-07-01,1,1500,11.0,14,7.6,3.56,0.57,4.0,0.61,0
7002,2018-08-01,1,1500,4.0,4,7.6,0.89,0.5,0.23,4.0,0
7002,2018-09-01,1,1500,6.0,6,7.6,1.78,0.67,0.36,0.23,0
7003,2016-12-01,0,3631,14.0,54,1.8,1.9,0.46,4.39,1.55,0
7003,2017-01-01,0,3631,1.0,159,1.8,6.75,0.56,5.64,4.39,0
7003,2017-02-01,0,3631,14.0,250,1.8,14.26,0.75,3.42,5.64,0
7003,2017-03-01,0,3631,14.0,145,1.8,7.28,0.66,5.78,3.42,0
7003,2017-04-01,0,3631,1.0,100,1.8,5.08,0.67,4.8,5.78,0
7003,2017-05-01,0,3631,1.0,172,1.8,9.63,0.74,0.57,4.8,0
7003,2017-06-01,0,3631,89.0,159,1.8,8.12,0.67,1.12,0.57,0
7003,2017-07-01,0,3631,139.0,140,1.8,5.23,0.49,0.82,1.12,0
7003,2017-08-01,0,3631,112.0,114,1.8,4.7,0.54,0.36,0.82,0
7003,2017-09-01,0,3631,78.0,78,1.8,2.96,0.5,0.18,0.36,0
7003,2017-10-01,0,3631,112.0,114,1.8,4.48,0.52,0.34,0.18,0
7003,2017-11-01,0,3631,49.0,50,1.8,1.44,0.38,6.41,0.34,0
7003,2017-12-01,0,3631,57.0,58,1.8,1.14,0.26,10.29,6.41,0
7003,2018-01-01,0,3631,152.0,152,1.8,6.07,0.53,9.3,10.29,0
7003,2018-02-01,0,3631,105.0,106,1.8,4.63,0.58,5.32,9.3,0
7003,2018-03-01,0,3631,190.0,192,1.8,5.23,0.36,3.17,5.32,0
7003,2018-04-01,0,3631,224.0,226,1.8,9.63,0.56,4.29,3.17,0
7003,2018-05-01,0,3631,218.0,221,1.8,11.91,0.71,0.62,4.29,0
7003,2018-06-01,0,3631,154.0,166,1.8,9.03,0.72,0.61,0.62,0
7003,2018-07-01,0,3631,125.0,127,1.8,5.69,0.59,4.0,0.61,0
7003,2018-08-01,0,3631,139.0,143,1.8,5.08,0.47,0.23,4.0,0
7003,2018-09-01,0,3631,214.0,217,1.8,11.53,0.7,0.36,0.23,0
7003,2018-10-01,0,3631,162.0,165,1.8,6.83,0.55,0.56,0.36,0
7004,2016-12-01,1,5192,14.0,249,0.7,4.86,0.53,4.39,1.55,0
7004,2017-01-01,1,5192,0.0,588,0.7,13.17,0.6,5.64,4.39,0
7004,2017-02-01,1,5192,14.0,1104,0.7,26.56,0.65,3.42,5.64,0
7004,2017-03-01,1,5192,1.0,841,0.7,18.33,0.59,5.78,3.42,0
7004,2017-04-01,1,5192,3.0,759,0.7,16.47,0.58,4.8,5.78,0
7004,2017-05-01,1,5192,2.0,1042,0.7,24.11,0.62,0.57,4.8,0
7004,2017-06-01,1,5192,423.0,835,0.7,19.51,0.63,1.12,0.57,0
7004,2017-07-01,1,5192,780.0,782,0.7,14.99,0.52,0.82,1.12,0
7004,2017-08-01,1,5192,551.0,552,0.7,9.5,0.46,0.36,0.82,0
7004,2017-09-01,1,5192,534.0,535,0.7,9.39,0.47,0.18,0.36,0
7004,2017-10-01,1,5192,466.0,472,0.7,8.61,0.49,0.34,0.18,0
7004,2017-11-01,1,5192,160.0,161,0.7,2.19,0.37,6.41,0.34,0
7004,2017-12-01,1,5192,158.0,158,0.7,2.04,0.35,10.29,6.41,0
7004,2018-01-01,1,5192,322.0,326,0.7,5.38,0.44,9.3,10.29,0
7004,2018-02-01,1,5192,202.0,202,0.7,3.0,0.4,5.32,9.3,0
7004,2018-03-01,1,5192,310.0,310,0.7,3.64,0.32,3.17,5.32,0
7004,2018-04-01,1,5192,308.0,309,0.7,4.93,0.43,4.29,3.17,0
7004,2018-05-01,1,5192,353.0,355,0.7,8.87,0.67,0.62,4.29,0
7004,2018-06-01,1,5192,259.0,263,0.7,6.12,0.63,0.61,0.62,0
7004,2018-07-01,1,5192,251.0,252,0.7,5.12,0.55,4.0,0.61,0
7004,2018-08-01,1,5192,226.0,228,0.7,4.12,0.49,0.23,4.0,0
7004,2018-09-01,1,5192,309.0,317,0.7,6.05,0.51,0.36,0.23,0
7004,2018-10-01,1,5192,265.0,268,0.7,4.49,0.45,0.56,0.36,0
7005,2016-12-01,1,2449,14.0,46,0.9,2.83,0.37,4.39,1.55,0
7005,2017-01-01,1,2449,14.0,110,0.9,12.5,0.68,5.64,4.39,0
7005,2017-02-01,1,2449,14.0,37,0.9,5.0,0.81,3.42,5.64,0
7005,2017-03-01,1,2449,14.0,35,0.9,4.17,0.71,5.78,3.42,0
7005,2017-04-01,1,2449,14.0,31,0.9,3.83,0.74,4.8,5.78,0
7005,2017-05-01,1,2449,2.0,45,0.9,6.17,0.82,0.57,4.8,0
7005,2017-07-01,1,2449,10.0,10,0.9,0.83,0.5,0.82,0.57,0
7005,2017-08-01,1,2449,9.0,10,0.9,0.83,0.5,0.36,0.82,0
7005,2017-09-01,1,2449,31.0,32,0.9,2.33,0.44,0.18,0.36,0
7005,2017-10-01,1,2449,67.0,67,0.9,4.84,0.43,0.34,0.18,0
7005,2017-11-01,1,2449,91.0,93,0.9,5.17,0.33,6.41,0.34,0
7005,2017-12-01,1,2449,143.0,143,0.9,8.17,0.34,10.29,6.41,0
7005,2018-01-01,1,2449,194.0,195,0.9,14.17,0.44,9.3,10.29,0
7005,2018-02-01,1,2449,212.0,214,0.9,13.34,0.37,5.32,9.3,0
7005,2018-03-01,1,2449,332.0,334,0.9,19.01,0.34,3.17,5.32,0
7005,2018-04-01,1,2449,292.0,292,0.9,17.01,0.35,4.29,3.17,0
7005,2018-05-01,1,2449,247.0,248,0.9,24.34,0.59,0.62,4.29,0
7005,2018-06-01,1,2449,196.0,198,0.9,18.01,0.55,0.61,0.62,0
7005,2018-07-01,1,2449,165.0,167,0.9,12.5,0.45,4.0,0.61,0
7005,2018-08-01,1,2449,178.0,180,0.9,9.34,0.31,0.23,4.0,0
7005,2018-09-01,1,2449,221.0,221,0.9,15.34,0.42,0.36,0.23,0
7005,2018-10-01,1,2449,190.0,191,0.9,12.17,0.38,0.56,0.36,0
7006,2017-01-01,1,2173,14.0,3,7.0,0.42,0.67,5.64,4.39,1
7006,2017-03-01,1,2173,1.0,1,7.0,0.21,1.0,5.78,3.42,1
7006,2017-04-01,1,2173,14.0,1,7.0,0.0,0.0,4.8,5.78,1
7006,2017-05-01,1,2173,3.0,3,7.0,0.42,0.67,0.57,4.8,1
7006,2017-06-01,1,2173,1.0,2,7.0,0.42,1.0,1.12,0.57,1
7006,2017-07-01,1,2173,11.0,11,7.0,1.27,0.55,0.82,1.12,1
7006,2017-08-01,1,2173,21.0,24,7.0,2.96,0.58,0.36,0.82,1
7006,2017-09-01,1,2173,50.0,53,7.0,6.14,0.55,0.18,0.36,1
7006,2017-10-01,1,2173,83.0,84,7.0,8.47,0.48,0.34,0.18,1
7006,2017-11-01,1,2173,151.0,152,7.0,13.55,0.42,6.41,0.34,1
7006,2017-12-01,1,2173,140.0,141,7.0,12.49,0.42,10.29,6.41,1
7006,2018-01-01,1,2173,212.0,212,7.0,21.18,0.47,9.3,10.29,1
7006,2018-02-01,1,2173,251.0,253,7.0,24.57,0.46,5.32,9.3,1
7006,2018-03-01,1,2173,336.0,337,7.0,36.43,0.51,3.17,5.32,1
7006,2018-04-01,1,2173,296.0,298,7.0,35.79,0.57,4.29,3.17,1
7006,2018-05-01,1,2173,374.0,375,7.0,53.79,0.68,0.62,4.29,1
7006,2018-06-01,1,2173,265.0,269,7.0,34.94,0.61,0.61,0.62,1
7006,2018-07-01,1,2173,203.0,211,7.0,26.47,0.59,4.0,0.61,1
7006,2018-08-01,1,2173,240.0,240,7.0,19.06,0.38,0.23,4.0,1
7006,2018-09-01,1,2173,282.0,287,7.0,33.67,0.55,0.36,0.23,1
7006,2018-10-01,1,2173,278.0,278,7.0,30.5,0.52,0.56,0.36,1
7007,2016-12-01,0,1525,14.0,37,7.0,9.46,0.59,4.39,1.55,1
7007,2017-01-01,0,1525,14.0,92,7.0,22.36,0.57,5.64,4.39,1
7007,2017-02-01,0,1525,0.0,155,7.0,42.57,0.64,3.42,5.64,1
7007,2017-03-01,0,1525,14.0,88,7.0,23.22,0.61,5.78,3.42,1
7007,2017-04-01,0,1525,14.0,113,7.0,27.95,0.58,4.8,5.78,1
7007,2017-05-01,0,1525,1.0,128,7.0,32.68,0.59,0.57,4.8,1
7007,2017-06-01,0,1525,55.0,98,7.0,24.51,0.58,1.12,0.57,1
7007,2017-07-01,0,1525,74.0,74,7.0,9.46,0.3,0.82,1.12,1
7007,2017-08-01,0,1525,61.0,61,7.0,9.03,0.34,0.36,0.82,1
7007,2017-09-01,0,1525,71.0,72,7.0,7.74,0.25,0.18,0.36,1
7007,2017-10-01,0,1525,80.0,80,7.0,12.04,0.35,0.34,0.18,1
7007,2017-11-01,0,1525,50.0,52,7.0,7.74,0.35,6.41,0.34,1
7007,2017-12-01,0,1525,64.0,65,7.0,9.89,0.35,10.29,6.41,1
7007,2018-01-01,0,1525,114.0,114,7.0,18.92,0.39,9.3,10.29,1
7007,2018-02-01,0,1525,120.0,120,7.0,17.63,0.34,5.32,9.3,1
7007,2018-03-01,0,1525,149.0,149,7.0,26.66,0.42,3.17,5.32,1
7007,2018-04-01,0,1525,176.0,177,7.0,47.3,0.62,4.29,3.17,1
7007,2018-05-01,0,1525,207.0,208,7.0,64.93,0.73,0.62,4.29,1
7007,2018-06-01,0,1525,104.0,107,7.0,29.24,0.64,0.61,0.62,1
7007,2018-07-01,0,1525,82.0,83,7.0,16.34,0.46,4.0,0.61,1
7007,2018-08-01,0,1525,103.0,103,7.0,18.92,0.43,0.23,4.0,1
7007,2018-09-01,0,1525,115.0,116,7.0,26.23,0.53,0.36,0.23,1
7007,2018-10-01,0,1525,93.0,93,7.0,14.19,0.35,0.56,0.36,1
7008,2016-12-01,1,2445,14.0,43,0.8,2.17,0.3,4.39,1.55,0
7008,2017-01-01,1,2445,14.0,155,0.8,16.06,0.62,5.64,4.39,0
7008,2017-02-01,1,2445,14.0,233,0.8,26.1,0.67,3.42,5.64,0
7008,2017-03-01,1,2445,0.0,153,0.8,14.55,0.57,5.78,3.42,0
7008,2017-04-01,1,2445,0.0,102,0.8,11.04,0.65,4.8,5.78,0
7008,2017-05-01,1,2445,1.0,247,0.8,23.08,0.56,0.57,4.8,0
7008,2017-06-01,1,2445,81.0,188,0.8,16.9,0.54,1.12,0.57,0
7008,2017-07-01,1,2445,157.0,159,0.8,13.38,0.5,0.82,1.12,0
7008,2017-08-01,1,2445,148.0,149,0.8,10.04,0.4,0.36,0.82,0
7008,2017-09-01,1,2445,137.0,139,0.8,9.2,0.4,0.18,0.36,0
7008,2017-10-01,1,2445,134.0,134,0.8,7.36,0.33,0.34,0.18,0
7008,2017-11-01,1,2445,91.0,91,0.8,5.02,0.33,6.41,0.34,0
7008,2017-12-01,1,2445,103.0,104,0.8,7.19,0.41,10.29,6.41,0
7008,2018-01-01,1,2445,204.0,207,0.8,17.06,0.49,9.3,10.29,0
7008,2018-02-01,1,2445,217.0,217,0.8,14.05,0.39,5.32,9.3,0
7008,2018-03-01,1,2445,318.0,320,0.8,21.75,0.41,3.17,5.32,0
7008,2018-04-01,1,2445,245.0,251,0.8,22.42,0.53,4.29,3.17,0
7008,2018-05-01,1,2445,337.0,340,0.8,39.48,0.69,0.62,4.29,0
7008,2018-06-01,1,2445,160.0,161,0.8,14.89,0.55,0.61,0.62,0
7008,2018-07-01,1,2445,159.0,162,0.8,13.22,0.49,4.0,0.61,0
7008,2018-08-01,1,2445,216.0,216,0.8,15.39,0.43,0.23,4.0,0
7008,2018-09-01,1,2445,258.0,261,0.8,16.9,0.39,0.36,0.23,0
7008,2018-10-01,1,2445,145.0,146,0.8,10.2,0.42,0.56,0.36,0
7009,2016-12-01,0,1647,14.0,49,1.0,10.69,0.59,4.39,1.55,0
7009,2017-01-01,0,1647,14.0,77,1.0,16.22,0.57,5.64,4.39,0
7009,2017-02-01,0,1647,14.0,168,1.0,40.55,0.65,3.42,5.64,0
7009,2017-03-01,0,1647,14.0,109,1.0,23.59,0.59,5.78,3.42,0
7009,2017-04-01,0,1647,2.0,136,1.0,28.39,0.57,4.8,5.78,0
7009,2017-05-01,0,1647,0.0,161,1.0,40.55,0.68,0.57,4.8,0
7009,2017-06-01,0,1647,70.0,119,1.0,26.17,0.6,1.12,0.57,0
7009,2017-07-01,0,1647,121.0,121,1.0,24.33,0.55,0.82,1.12,0
7009,2017-08-01,0,1647,107.0,107,1.0,18.8,0.48,0.36,0.82,0
7009,2017-09-01,0,1647,93.0,95,1.0,16.22,0.46,0.18,0.36,0
7009,2017-10-01,0,1647,84.0,84,1.0,15.11,0.49,0.34,0.18,0
7009,2017-11-01,0,1647,66.0,66,1.0,9.95,0.41,6.41,0.34,0
7009,2017-12-01,0,1647,87.0,88,1.0,15.11,0.47,10.29,6.41,0
7009,2018-01-01,0,1647,155.0,159,1.0,33.92,0.58,9.3,10.29,0
7009,2018-02-01,0,1647,157.0,158,1.0,28.75,0.49,5.32,9.3,0
7009,2018-03-01,0,1647,172.0,175,1.0,29.49,0.46,3.17,5.32,0
7009,2018-04-01,0,1647,210.0,211,1.0,49.03,0.63,4.29,3.17,0
7009,2018-05-01,0,1647,218.0,220,1.0,58.62,0.72,0.62,4.29,0
7009,2018-06-01,0,1647,122.0,122,1.0,28.02,0.62,0.61,0.62,0
7009,2018-07-01,0,1647,113.0,114,1.0,24.33,0.58,4.0,0.61,0
7009,2018-08-01,0,1647,124.0,124,1.0,26.17,0.57,0.23,4.0,0
7009,2018-09-01,0,1647,117.0,117,1.0,22.12,0.51,0.36,0.23,0
7009,2018-10-01,0,1647,102.0,102,1.0,14.75,0.39,0.56,0.36,0
7010,2016-12-01,0,887,14.0,39,7.0,36.86,0.74,4.39,1.55,1
7010,2017-01-01,0,887,14.0,70,7.0,58.47,0.66,5.64,4.39,1
7010,2017-02-01,0,887,14.0,71,7.0,64.82,0.72,3.42,5.64,1
7010,2017-03-01,0,887,14.0,46,7.0,33.05,0.57,5.78,3.42,1
7010,2017-04-01,0,887,14.0,60,7.0,50.84,0.67,4.8,5.78,1
7010,2017-05-01,0,887,14.0,74,7.0,72.45,0.77,0.57,4.8,1
7010,2017-06-01,0,887,36.0,69,7.0,64.82,0.74,1.12,0.57,1
7010,2017-07-01,0,887,53.0,53,7.0,39.4,0.58,0.82,1.12,1
7010,2017-08-01,0,887,66.0,66,7.0,53.38,0.64,0.36,0.82,1
7010,2017-09-01,0,887,63.0,63,7.0,59.74,0.75,0.18,0.36,1
7010,2017-10-01,0,887,53.0,53,7.0,44.49,0.66,0.34,0.18,1
7010,2017-11-01,0,887,35.0,35,7.0,30.5,0.69,6.41,0.34,1
7010,2017-12-01,0,887,59.0,59,7.0,49.57,0.66,10.29,6.41,1
7010,2018-01-01,0,887,65.0,67,7.0,57.2,0.67,9.3,10.29,1
7010,2018-02-01,0,887,61.0,62,7.0,53.38,0.68,5.32,9.3,1
7010,2018-03-01,0,887,86.0,87,7.0,68.64,0.62,3.17,5.32,1
7010,2018-04-01,0,887,64.0,65,7.0,62.28,0.75,4.29,3.17,1
7010,2018-05-01,0,887,97.0,99,7.0,99.14,0.79,0.62,4.29,1
7010,2018-06-01,0,887,52.0,53,7.0,54.65,0.81,0.61,0.62,1
7010,2018-07-01,0,887,66.0,66,7.0,53.38,0.64,4.0,0.61,1
7010,2018-08-01,0,887,56.0,57,7.0,59.74,0.82,0.23,4.0,1
7010,2018-09-01,0,887,66.0,66,7.0,54.65,0.65,0.36,0.23,1
7010,2018-10-01,0,887,61.0,62,7.0,45.76,0.58,0.56,0.36,1
7011,2016-12-01,1,2076,14.0,5,2.8,0.7,0.6,4.39,1.55,0
7011,2017-01-01,1,2076,14.0,32,2.8,4.41,0.59,5.64,4.39,0
7011,2017-02-01,1,2076,14.0,71,2.8,12.3,0.75,3.42,5.64,0
7011,2017-03-01,1,2076,14.0,43,2.8,6.26,0.63,5.78,3.42,0
7011,2017-04-01,1,2076,1.0,46,2.8,8.59,0.8,4.8,5.78,0
7011,2017-05-01,1,2076,14.0,62,2.8,12.3,0.85,0.57,4.8,0
7011,2017-06-01,1,2076,25.0,62,2.8,12.07,0.84,1.12,0.57,0
7011,2017-07-01,1,2076,66.0,66,2.8,9.98,0.65,0.82,1.12,0
7011,2017-08-01,1,2076,51.0,51,2.8,10.44,0.88,0.36,0.82,0
7011,2017-09-01,1,2076,65.0,67,2.8,9.51,0.61,0.18,0.36,0
7011,2017-10-01,1,2076,38.0,38,2.8,5.8,0.66,0.34,0.18,0
7011,2017-11-01,1,2076,28.0,28,2.8,3.02,0.46,6.41,0.34,0
7011,2017-12-01,1,2076,22.0,22,2.8,2.09,0.41,10.29,6.41,0
7011,2018-01-01,1,2076,43.0,43,2.8,4.87,0.49,9.3,10.29,0
7011,2018-02-01,1,2076,64.0,66,2.8,8.35,0.55,5.32,9.3,0
7011,2018-03-01,1,2076,58.0,58,2.8,7.89,0.59,3.17,5.32,0
7011,2018-04-01,1,2076,58.0,58,2.8,6.73,0.5,4.29,3.17,0
7011,2018-05-01,1,2076,79.0,79,2.8,14.39,0.78,0.62,4.29,0
7011,2018-06-01,1,2076,74.0,76,2.8,14.15,0.8,0.61,0.62,0
7011,2018-07-01,1,2076,49.0,49,2.8,6.96,0.61,4.0,0.61,0
7011,2018-08-01,1,2076,64.0,64,2.8,9.51,0.64,0.23,4.0,0
7011,2018-09-01,1,2076,52.0,53,2.8,8.82,0.72,0.36,0.23,0
7011,2018-10-01,1,2076,46.0,47,2.8,8.12,0.74,0.56,0.36,0
7012,2016-12-01,1,846,14.0,1,11.0,0.0,0.0,4.39,1.55,0
7012,2017-01-01,1,846,14.0,3,11.0,2.79,0.67,5.64,4.39,0
7012,2017-02-01,1,846,14.0,6,11.0,5.59,0.67,3.42,5.64,0
7012,2017-03-01,1,846,14.0,3,11.0,2.79,0.67,5.78,3.42,0
7012,2017-04-01,1,846,14.0,3,11.0,2.79,0.67,4.8,5.78,0
7012,2017-05-01,1,846,14.0,3,11.0,2.79,0.67,0.57,4.8,0
7012,2017-06-01,1,846,2.0,4,11.0,4.19,0.75,1.12,0.57,0
7012,2017-07-01,1,846,5.0,5,11.0,5.59,0.8,0.82,1.12,0
7012,2017-08-01,1,846,4.0,4,11.0,2.79,0.5,0.36,0.82,0
7012,2017-10-01,1,846,1.0,1,11.0,0.0,0.0,0.34,0.36,0
7012,2018-01-01,1,846,3.0,3,11.0,2.79,0.67,9.3,0.34,0
7012,2018-03-01,1,846,3.0,4,11.0,2.79,0.5,3.17,9.3,0
7012,2018-04-01,1,846,4.0,4,11.0,5.59,1.0,4.29,3.17,0
7012,2018-05-01,1,846,4.0,4,11.0,4.19,0.75,0.62,4.29,0
7012,2018-06-01,1,846,11.0,11,11.0,12.57,0.82,0.61,0.62,0
7012,2018-07-01,1,846,11.0,11,11.0,11.18,0.73,4.0,0.61,0
7012,2018-08-01,1,846,2.0,2,11.0,1.4,0.5,0.23,4.0,0
7012,2018-09-01,1,846,5.0,5,11.0,5.59,0.8,0.36,0.23,0
7012,2018-10-01,1,846,2.0,2,11.0,0.0,0.0,0.56,0.36,0
7013,2016-12-01,0,854,0.0,4,12.6,4.11,0.75,4.39,1.55,0
7013,2017-01-01,0,854,0.0,22,12.6,26.05,0.86,5.64,4.39,0
7013,2017-02-01,0,854,0.0,15,12.6,12.34,0.6,3.42,5.64,0
7013,2017-03-01,0,854,0.0,7,12.6,8.23,0.86,5.78,3.42,0
7013,2017-04-01,0,854,0.0,10,12.6,8.23,0.6,4.8,5.78,0
7013,2017-05-01,0,854,0.0,9,12.6,6.86,0.56,0.57,4.8,0
7013,2017-06-01,0,854,4.0,6,12.6,5.48,0.67,1.12,0.57,0
7013,2017-07-01,0,854,4.0,12,12.6,10.97,0.67,0.82,1.12,0
7013,2017-08-01,0,854,2.0,10,12.6,9.6,0.7,0.36,0.82,0
7013,2017-09-01,0,854,1.0,16,12.6,16.45,0.75,0.18,0.36,0
7013,2017-10-01,0,854,3.0,11,12.6,9.6,0.64,0.34,0.18,0
7013,2017-11-01,0,854,3.0,6,12.6,2.74,0.33,6.41,0.34,0
7013,2017-12-01,0,854,4.0,23,12.6,16.45,0.52,10.29,6.41,0
7013,2018-01-01,0,854,3.0,18,12.6,16.45,0.67,9.3,10.29,0
7013,2018-02-01,0,854,0.0,21,12.6,16.45,0.57,5.32,9.3,0
7013,2018-03-01,0,854,4.0,21,12.6,17.82,0.62,3.17,5.32,0
7013,2018-04-01,0,854,7.0,23,12.6,23.31,0.74,4.29,3.17,0
7013,2018-05-01,0,854,4.0,25,12.6,17.82,0.52,0.62,4.29,0
7013,2018-06-01,0,854,5.0,18,12.6,20.57,0.83,0.61,0.62,0
7013,2018-07-01,0,854,6.0,12,12.6,8.23,0.5,4.0,0.61,0
7013,2018-08-01,0,854,6.0,10,12.6,6.86,0.5,0.23,4.0,0
7013,2018-09-01,0,854,7.0,12,12.6,6.86,0.42,0.36,0.23,0
7013,2018-10-01,0,854,5.0,9,12.6,5.48,0.44,0.56,0.36,0
7014,2016-12-01,1,1298,1.0,48,0.1,14.24,0.5,4.39,1.55,0
7014,2017-01-01,1,1298,14.0,108,0.1,37.39,0.58,5.64,4.39,0
7014,2017-02-01,1,1298,14.0,114,0.1,49.26,0.73,3.42,5.64,0
7014,2017-03-01,1,1298,14.0,133,0.1,56.39,0.71,5.78,3.42,0
7014,2017-04-01,1,1298,14.0,79,0.1,26.12,0.56,4.8,5.78,0
7014,2017-05-01,1,1298,1.0,104,0.1,39.17,0.63,0.57,4.8,0
7014,2017-06-01,1,1298,59.0,116,0.1,41.55,0.6,1.12,0.57,0
7014,2017-07-01,1,1298,136.0,136,0.1,48.67,0.6,0.82,1.12,0
7014,2017-08-01,1,1298,109.0,109,0.1,37.39,0.58,0.36,0.82,0
7014,2017-09-01,1,1298,47.0,47,0.1,11.28,0.4,0.18,0.36,0
7014,2017-10-01,1,1298,95.0,95,0.1,24.34,0.43,0.34,0.18,0
7014,2017-11-01,1,1298,90.0,90,0.1,24.93,0.47,6.41,0.34,0
7014,2017-12-01,1,1298,72.0,72,0.1,17.21,0.4,10.29,6.41,0
7014,2018-01-01,1,1298,101.0,102,0.1,23.74,0.39,9.3,10.29,0
7014,2018-02-01,1,1298,163.0,164,0.1,33.24,0.34,5.32,9.3,0
7014,2018-03-01,1,1298,111.0,112,0.1,29.68,0.45,3.17,5.32,0
7014,2018-04-01,1,1298,158.0,158,0.1,56.39,0.6,4.29,3.17,0
7014,2018-05-01,1,1298,185.0,185,0.1,64.1,0.58,0.62,4.29,0
7014,2018-06-01,1,1298,98.0,98,0.1,33.24,0.57,0.61,0.62,0
7014,2018-07-01,1,1298,85.0,86,0.1,26.71,0.52,4.0,0.61,0
7014,2018-08-01,1,1298,119.0,119,0.1,31.46,0.45,0.23,4.0,0
7014,2018-09-01,1,1298,75.0,75,0.1,22.55,0.51,0.36,0.23,0
7014,2018-10-01,1,1298,59.0,59,0.1,14.84,0.42,0.56,0.36,0
7016,2016-12-01,1,950,0.0,2,19.0,2.22,1.0,4.39,1.55,0
7016,2017-01-01,1,950,0.0,14,19.0,15.51,1.0,5.64,4.39,0
7016,2017-04-01,1,950,0.0,4,19.0,4.43,1.0,4.8,5.78,0
7016,2017-05-01,1,950,14.0,1,19.0,1.11,1.0,0.57,4.8,0
7016,2017-07-01,1,950,1.0,3,19.0,2.22,0.67,0.82,0.57,0
7016,2017-08-01,1,950,1.0,8,19.0,7.76,0.88,0.36,0.82,0
7016,2017-09-01,1,950,0.0,6,19.0,2.22,0.33,0.18,0.36,0
7016,2017-10-01,1,950,0.0,5,19.0,4.43,0.8,0.34,0.18,0
7016,2017-11-01,1,950,1.0,2,19.0,1.11,0.5,6.41,0.34,0
7016,2017-12-01,1,950,1.0,1,19.0,0.0,0.0,10.29,6.41,0
7016,2018-03-01,1,950,0.0,5,19.0,5.54,1.0,3.17,10.29,0
7016,2018-04-01,1,950,0.0,38,19.0,24.38,0.58,4.29,3.17,0
7016,2018-05-01,1,950,2.0,14,19.0,8.86,0.57,0.62,4.29,0
7016,2018-06-01,1,950,1.0,42,19.0,38.78,0.83,0.61,0.62,0
7016,2018-07-01,1,950,3.0,15,19.0,6.65,0.4,4.0,0.61,0
7016,2018-08-01,1,950,2.0,3,19.0,2.22,0.67,0.23,4.0,0
7016,2018-10-01,1,950,2.0,2,19.0,1.11,0.5,0.56,0.23,0
7017,2016-12-01,1,1027,14.0,2,11.8,0.0,0.0,4.39,1.55,0
7017,2017-01-01,1,1027,0.0,4,11.8,3.79,1.0,5.64,4.39,0
7017,2017-04-01,1,1027,0.0,1,11.8,0.95,1.0,4.8,5.78,0
7017,2017-07-01,1,1027,2.0,2,11.8,0.95,0.5,0.82,4.8,0
7017,2017-09-01,1,1027,0.0,6,11.8,5.69,1.0,0.18,0.82,0
7017,2017-10-01,1,1027,2.0,4,11.8,2.84,0.75,0.34,0.18,0
7017,2017-12-01,1,1027,0.0,2,11.8,1.9,1.0,10.29,6.41,0
7017,2018-01-01,1,1027,1.0,3,11.8,0.95,0.33,9.3,10.29,0
7017,2018-02-01,1,1027,1.0,1,11.8,0.0,0.0,5.32,9.3,0
7017,2018-03-01,1,1027,0.0,2,11.8,0.95,0.5,3.17,5.32,0
7017,2018-04-01,1,1027,0.0,21,11.8,16.12,0.81,4.29,3.17,0
7017,2018-05-01,1,1027,1.0,6,11.8,3.79,0.67,0.62,4.29,0
7017,2018-06-01,1,1027,1.0,12,11.8,8.53,0.75,0.61,0.62,0
7017,2018-07-01,1,1027,0.0,3,11.8,0.0,0.0,4.0,0.61,0
7017,2018-09-01,1,1027,1.0,1,11.8,0.95,1.0,0.36,4.0,0
7018,2016-12-01,0,679,0.0,5,30.1,6.51,0.6,4.39,1.55,0
7018,2017-01-01,0,679,0.0,15,30.1,17.35,0.53,5.64,4.39,0
7018,2017-02-01,0,679,0.0,11,30.1,21.69,0.91,3.42,5.64,0
7018,2017-03-01,0,679,0.0,4,30.1,6.51,0.75,5.78,3.42,0
7018,2017-04-01,0,679,0.0,7,30.1,15.18,1.0,4.8,5.78,0
7018,2017-05-01,0,679,14.0,2,30.1,4.34,1.0,0.57,4.8,0
7018,2017-06-01,0,679,0.0,1,30.1,2.17,1.0,1.12,0.57,0
7018,2017-07-01,0,679,1.0,2,30.1,2.17,0.5,0.82,1.12,0
7018,2017-08-01,0,679,0.0,9,30.1,8.68,0.44,0.36,0.82,0
7018,2017-09-01,0,679,0.0,5,30.1,8.68,0.8,0.18,0.36,0
7018,2017-10-01,0,679,0.0,2,30.1,0.0,0.0,0.34,0.18,0
7018,2017-11-01,0,679,2.0,7,30.1,8.68,0.57,6.41,0.34,0
7018,2017-12-01,0,679,0.0,10,30.1,19.52,0.9,10.29,6.41,0
7018,2018-01-01,0,679,3.0,62,30.1,119.3,0.89,9.3,10.29,0
7018,2018-02-01,0,679,4.0,33,30.1,49.89,0.7,5.32,9.3,0
7018,2018-03-01,0,679,1.0,57,30.1,73.75,0.6,3.17,5.32,0
7018,2018-04-01,0,679,2.0,62,30.1,71.58,0.53,4.29,3.17,0
7018,2018-05-01,0,679,2.0,60,30.1,78.08,0.6,0.62,4.29,0
7018,2018-06-01,0,679,0.0,49,30.1,69.41,0.65,0.61,0.62,0
7018,2018-07-01,0,679,2.0,20,30.1,15.18,0.35,4.0,0.61,0
7018,2018-08-01,0,679,5.0,34,30.1,47.72,0.65,0.23,4.0,0
7018,2018-09-01,0,679,5.0,20,30.1,28.2,0.65,0.36,0.23,0
7018,2018-10-01,0,679,3.0,3,30.1,6.51,1.0,0.56,0.36,0
7019,2017-06-01,0,856,1.0,1,7.0,1.36,1.0,1.12,0.57,1
7019,2018-02-01,0,856,0.0,13,7.0,16.38,0.92,5.32,1.12,1
7019,2018-03-01,0,856,0.0,106,7.0,116.0,0.8,3.17,5.32,1
7019,2018-04-01,0,856,1.0,35,7.0,25.93,0.54,4.29,3.17,1
7019,2018-05-01,0,856,14.0,19,7.0,12.28,0.47,0.62,4.29,1
7019,2018-06-01,0,856,14.0,14,7.0,16.38,0.86,0.61,0.62,1
7019,2018-07-01,0,856,24.0,40,7.0,45.04,0.82,4.0,0.61,1
7019,2018-08-01,0,856,11.0,33,7.0,28.66,0.64,0.23,4.0,1
7019,2018-09-01,0,856,8.0,17,7.0,15.01,0.65,0.36,0.23,1
7019,2018-10-01,0,856,14.0,14,7.0,17.74,0.93,0.56,0.36,1
7020,2016-12-01,1,457,14.0,4,14.2,4.79,0.25,4.39,1.55,0
7020,2017-01-01,1,457,0.0,26,14.2,114.92,0.92,5.64,4.39,0
7020,2017-02-01,1,457,14.0,23,14.2,86.19,0.78,3.42,5.64,0
7020,2017-03-01,1,457,14.0,10,14.2,28.73,0.6,5.78,3.42,0
7020,2017-04-01,1,457,0.0,5,14.2,23.94,1.0,4.8,5.78,0
7020,2017-07-01,1,457,0.0,5,14.2,19.15,0.8,0.82,4.8,0
7020,2017-08-01,1,457,3.0,14,14.2,47.88,0.71,0.36,0.82,0
7020,2017-09-01,1,457,1.0,10,14.2,38.31,0.8,0.18,0.36,0
7020,2017-10-01,1,457,0.0,2,14.2,9.58,1.0,0.34,0.18,0
7020,2017-11-01,1,457,1.0,1,14.2,4.79,1.0,6.41,0.34,0
7020,2018-01-01,1,457,2.0,3,14.2,4.79,0.33,9.3,6.41,0
7020,2018-02-01,1,457,0.0,1,14.2,0.0,0.0,5.32,9.3,0
7020,2018-03-01,1,457,3.0,9,14.2,23.94,0.56,3.17,5.32,0
7020,2018-04-01,1,457,2.0,10,14.2,23.94,0.5,4.29,3.17,0
7020,2018-05-01,1,457,1.0,16,14.2,43.09,0.56,0.62,4.29,0
7020,2018-06-01,1,457,1.0,27,14.2,86.19,0.67,0.61,0.62,0
7020,2018-07-01,1,457,14.0,21,14.2,57.46,0.57,4.0,0.61,0
7020,2018-08-01,1,457,12.0,15,14.2,38.31,0.53,0.23,4.0,0
7020,2018-09-01,1,457,6.0,7,14.2,19.15,0.57,0.36,0.23,0
7020,2018-10-01,1,457,4.0,4,14.2,14.36,0.75,0.56,0.36,0
7021,2016-12-01,0,1033,0.0,2,16.4,1.87,1.0,4.39,1.55,0
7021,2017-01-01,0,1033,0.0,14,16.4,11.25,0.86,5.64,4.39,0
7021,2017-02-01,0,1033,14.0,2,16.4,0.94,0.5,3.42,5.64,0
7021,2017-03-01,0,1033,0.0,1,16.4,0.94,1.0,5.78,3.42,0
7021,2017-04-01,0,1033,0.0,7,16.4,6.56,1.0,4.8,5.78,0
7021,2017-05-01,0,1033,14.0,5,16.4,3.75,0.8,0.57,4.8,0
7021,2017-06-01,0,1033,15.0,19,16.4,15.93,0.89,1.12,0.57,0
7021,2017-07-01,0,1033,34.0,47,16.4,35.61,0.81,0.82,1.12,0
7021,2017-08-01,0,1033,30.0,41,16.4,23.43,0.61,0.36,0.82,0
7021,2017-09-01,0,1033,9.0,16,16.4,9.37,0.62,0.18,0.36,0
7021,2017-10-01,0,1033,11.0,18,16.4,10.31,0.61,0.34,0.18,0
7021,2017-11-01,0,1033,19.0,19,16.4,10.31,0.58,6.41,0.34,0
7021,2017-12-01,0,1033,16.0,20,16.4,10.31,0.55,10.29,6.41,0
7021,2018-01-01,0,1033,48.0,51,16.4,29.05,0.61,9.3,10.29,0
7021,2018-02-01,0,1033,33.0,33,16.4,11.25,0.36,5.32,9.3,0
7021,2018-03-01,0,1033,45.0,52,16.4,31.86,0.65,3.17,5.32,0
7021,2018-04-01,0,1033,65.0,67,16.4,40.3,0.64,4.29,3.17,0
7021,2018-05-01,0,1033,47.0,76,16.4,45.92,0.64,0.62,4.29,0
7021,2018-06-01,0,1033,19.0,56,16.4,37.49,0.71,0.61,0.62,0
7021,2018-07-01,0,1033,35.0,55,16.4,26.24,0.51,4.0,0.61,0
7021,2018-08-01,0,1033,29.0,30,16.4,22.49,0.8,0.23,4.0,0
7021,2018-09-01,0,1033,37.0,37,16.4,26.24,0.76,0.36,0.23,0
7021,2018-10-01,0,1033,31.0,31,16.4,19.68,0.68,0.56,0.36,0
7022,2016-12-01,0,822,0.0,8,17.1,10.36,0.88,4.39,1.55,0
7022,2017-01-01,0,822,0.0,98,17.1,127.28,0.88,5.64,4.39,0
7022,2017-02-01,0,822,0.0,58,17.1,69.56,0.81,3.42,5.64,0
7022,2017-06-01,0,822,1.0,5,17.1,2.96,0.4,1.12,0.57,0
7022,2017-07-01,0,822,0.0,16,17.1,14.8,0.62,0.82,1.12,0
7022,2017-08-01,0,822,4.0,61,17.1,69.56,0.77,0.36,0.82,0
7022,2017-09-01,0,822,4.0,43,17.1,44.4,0.7,0.18,0.36,0
7022,2017-10-01,0,822,5.0,24,17.1,19.24,0.54,0.34,0.18,0
7022,2017-11-01,0,822,0.0,18,17.1,17.76,0.67,6.41,0.34,0
7022,2017-12-01,0,822,4.0,53,17.1,51.8,0.66,10.29,6.41,0
7022,2018-01-01,0,822,2.0,56,17.1,63.64,0.77,9.3,10.29,0
7022,2018-02-01,0,822,4.0,46,17.1,45.88,0.67,5.32,9.3,0
7022,2018-03-01,0,822,6.0,57,17.1,53.28,0.63,3.17,5.32,0
7022,2018-04-01,0,822,8.0,54,17.1,56.24,0.7,4.29,3.17,0
7022,2018-05-01,0,822,2.0,42,17.1,50.32,0.81,0.62,4.29,0
7022,2018-06-01,0,822,5.0,54,17.1,63.64,0.8,0.61,0.62,0
7022,2018-07-01,0,822,3.0,47,17.1,54.76,0.79,4.0,0.61,0
7022,2018-08-01,0,822,0.0,25,17.1,28.12,0.76,0.23,4.0,0
7022,2018-09-01,0,822,5.0,5,17.1,2.96,0.4,0.36,0.23,0
7022,2018-10-01,0,822,0.0,1,17.1,0.0,0.0,0.56,0.36,0
7023,2016-12-01,0,221,14.0,3,7.0,20.47,0.33,4.39,1.55,1
7023,2017-01-01,0,221,14.0,7,7.0,122.85,0.86,5.64,4.39,1
7023,2017-02-01,0,221,14.0,27,7.0,429.97,0.78,3.42,5.64,1
7023,2017-03-01,0,221,14.0,12,7.0,163.8,0.67,5.78,3.42,1
7023,2017-04-01,0,221,14.0,19,7.0,225.22,0.58,4.8,5.78,1
7023,2017-05-01,0,221,14.0,21,7.0,286.64,0.67,0.57,4.8,1
7023,2017-06-01,0,221,17.0,19,7.0,266.17,0.68,1.12,0.57,1
7023,2017-07-01,0,221,11.0,11,7.0,184.27,0.82,0.82,1.12,1
7023,2017-08-01,0,221,11.0,11,7.0,204.75,0.91,0.36,0.82,1
7023,2017-09-01,0,221,10.0,10,7.0,102.37,0.5,0.18,0.36,1
7023,2017-10-01,0,221,5.0,5,7.0,61.42,0.6,0.34,0.18,1
7023,2017-11-01,0,221,5.0,5,7.0,40.95,0.4,6.41,0.34,1
7023,2017-12-01,0,221,2.0,2,7.0,20.47,0.5,10.29,6.41,1
7023,2018-01-01,0,221,9.0,9,7.0,143.32,0.78,9.3,10.29,1
7023,2018-02-01,0,221,14.0,14,7.0,143.32,0.5,5.32,9.3,1
7023,2018-03-01,0,221,25.0,25,7.0,348.07,0.68,3.17,5.32,1
7023,2018-04-01,0,221,13.0,13,7.0,225.22,0.85,4.29,3.17,1
7023,2018-05-01,0,221,10.0,10,7.0,143.32,0.7,0.62,4.29,1
7023,2018-06-01,0,221,22.0,22,7.0,368.54,0.82,0.61,0.62,1
7023,2018-07-01,0,221,13.0,13,7.0,163.8,0.62,4.0,0.61,1
7023,2018-08-01,0,221,13.0,13,7.0,204.75,0.77,0.23,4.0,1
7023,2018-09-01,0,221,7.0,9,7.0,122.85,0.67,0.36,0.23,1
7023,2018-10-01,0,221,4.0,4,7.0,61.42,0.75,0.56,0.36,1
7024,2016-12-01,1,476,14.0,5,10.4,4.41,0.2,4.39,1.55,0
7024,2017-01-01,1,476,14.0,3,10.4,8.83,0.67,5.64,4.39,0
7024,2017-02-01,1,476,14.0,7,10.4,17.65,0.57,3.42,5.64,0
7024,2017-03-01,1,476,14.0,14,10.4,39.72,0.64,5.78,3.42,0
7024,2017-04-01,1,476,14.0,15,10.4,44.14,0.67,4.8,5.78,0
7024,2017-05-01,1,476,14.0,13,10.4,57.38,1.0,0.57,4.8,0
7024,2017-06-01,1,476,19.0,24,10.4,92.68,0.88,1.12,0.57,0
7024,2017-07-01,1,476,14.0,14,10.4,48.55,0.79,0.82,1.12,0
7024,2017-08-01,1,476,14.0,16,10.4,26.48,0.38,0.36,0.82,0
7024,2017-09-01,1,476,7.0,7,10.4,22.07,0.71,0.18,0.36,0
7024,2017-10-01,1,476,3.0,3,10.4,8.83,0.67,0.34,0.18,0
7024,2017-11-01,1,476,6.0,6,10.4,8.83,0.33,6.41,0.34,0
7024,2017-12-01,1,476,2.0,2,10.4,4.41,0.5,10.29,6.41,0
7024,2018-01-01,1,476,10.0,10,10.4,26.48,0.6,9.3,10.29,0
7024,2018-02-01,1,476,8.0,8,10.4,26.48,0.75,5.32,9.3,0
7024,2018-03-01,1,476,15.0,18,10.4,52.96,0.67,3.17,5.32,0
7024,2018-04-01,1,476,18.0,18,10.4,61.79,0.78,4.29,3.17,0
7024,2018-05-01,1,476,8.0,9,10.4,30.89,0.78,0.62,4.29,0
7024,2018-06-01,1,476,5.0,7,10.4,30.89,1.0,0.61,0.62,0
7024,2018-07-01,1,476,6.0,8,10.4,26.48,0.75,4.0,0.61,0
7024,2018-08-01,1,476,6.0,6,10.4,22.07,0.83,0.23,4.0,0
7024,2018-09-01,1,476,13.0,13,10.4,39.72,0.69,0.36,0.23,0
7024,2018-10-01,1,476,6.0,6,10.4,13.24,0.5,0.56,0.36,0
7025,2016-12-01,1,561,14.0,1,4.5,0.0,0.0,4.39,1.55,0
7025,2017-01-01,1,561,0.0,8,4.5,15.89,0.62,5.64,4.39,0
7025,2017-02-01,1,561,0.0,16,4.5,22.24,0.44,3.42,5.64,0
7025,2017-03-01,1,561,0.0,17,4.5,28.6,0.53,5.78,3.42,0
7025,2017-04-01,1,561,14.0,12,4.5,22.24,0.58,4.8,5.78,0
7025,2017-05-01,1,561,14.0,10,4.5,12.71,0.4,0.57,4.8,0
7025,2017-06-01,1,561,10.0,21,4.5,41.31,0.62,1.12,0.57,0
7025,2017-07-01,1,561,8.0,8,4.5,15.89,0.62,0.82,1.12,0
7025,2017-08-01,1,561,5.0,5,4.5,6.35,0.4,0.36,0.82,0
7025,2017-09-01,1,561,8.0,12,4.5,19.06,0.5,0.18,0.36,0
7025,2017-10-01,1,561,11.0,15,4.5,34.95,0.73,0.34,0.18,0
7025,2017-11-01,1,561,7.0,14,4.5,25.42,0.57,6.41,0.34,0
7025,2017-12-01,1,561,2.0,12,4.5,19.06,0.5,10.29,6.41,0
7025,2018-01-01,1,561,7.0,9,4.5,12.71,0.44,9.3,10.29,0
7025,2018-02-01,1,561,8.0,15,4.5,31.77,0.67,5.32,9.3,0
7025,2018-03-01,1,561,16.0,31,4.5,57.19,0.58,3.17,5.32,0
7025,2018-04-01,1,561,20.0,30,4.5,63.55,0.67,4.29,3.17,0
7025,2018-05-01,1,561,23.0,33,4.5,82.61,0.79,0.62,4.29,0
7025,2018-06-01,1,561,37.0,51,4.5,117.56,0.73,0.61,0.62,0
7025,2018-07-01,1,561,29.0,38,4.5,88.97,0.74,4.0,0.61,0
7025,2018-08-01,1,561,43.0,43,4.5,98.5,0.72,0.23,4.0,0
7025,2018-09-01,1,561,27.0,39,4.5,88.97,0.72,0.36,0.23,0
7025,2018-10-01,1,561,10.0,12,4.5,31.77,0.83,0.56,0.36,0
7026,2016-12-01,0,922,14.0,14,3.7,11.76,0.71,4.39,1.55,0
7026,2017-01-01,0,922,0.0,52,3.7,41.17,0.67,5.64,4.39,0
7026,2017-02-01,0,922,0.0,46,3.7,42.35,0.78,3.42,5.64,0
7026,2017-03-01,0,922,14.0,56,3.7,32.94,0.5,5.78,3.42,0
7026,2017-04-01,0,922,14.0,92,3.7,75.29,0.7,4.8,5.78,0
7026,2017-05-01,0,922,14.0,78,3.7,76.46,0.83,0.57,4.8,0
7026,2017-06-01,0,922,92.0,108,3.7,109.4,0.86,1.12,0.57,0
7026,2017-07-01,0,922,65.0,65,3.7,64.7,0.85,0.82,1.12,0
7026,2017-08-01,0,922,71.0,71,3.7,52.94,0.63,0.36,0.82,0
7026,2017-09-01,0,922,59.0,66,3.7,54.11,0.7,0.18,0.36,0
7026,2017-10-01,0,922,54.0,58,3.7,52.94,0.78,0.34,0.18,0
7026,2017-11-01,0,922,47.0,49,3.7,31.76,0.55,6.41,0.34,0
7026,2017-12-01,0,922,21.0,21,3.7,10.59,0.43,10.29,6.41,0
7026,2018-01-01,0,922,61.0,66,3.7,47.05,0.61,9.3,10.29,0
7026,2018-02-01,0,922,105.0,106,3.7,71.76,0.58,5.32,9.3,0
7026,2018-03-01,0,922,117.0,119,3.7,89.4,0.64,3.17,5.32,0
7026,2018-04-01,0,922,73.0,79,3.7,59.99,0.65,4.29,3.17,0
7026,2018-05-01,0,922,110.0,114,3.7,108.22,0.81,0.62,4.29,0
7026,2018-06-01,0,922,86.0,89,3.7,81.17,0.78,0.61,0.62,0
7026,2018-07-01,0,922,68.0,68,3.7,58.82,0.74,4.0,0.61,0
7026,2018-08-01,0,922,62.0,63,3.7,64.7,0.87,0.23,4.0,0
7026,2018-09-01,0,922,49.0,52,3.7,50.58,0.83,0.36,0.23,0
7026,2018-10-01,0,922,25.0,25,3.7,27.06,0.92,0.56,0.36,0
7028,2016-12-01,0,372,14.0,2,10.5,14.45,1.0,4.39,1.55,0
7028,2017-01-01,0,372,14.0,11,10.5,72.26,0.91,5.64,4.39,0
7028,2017-02-01,0,372,0.0,19,10.5,86.72,0.63,3.42,5.64,0
7028,2017-03-01,0,372,14.0,10,10.5,50.58,0.7,5.78,3.42,0
7028,2017-04-01,0,372,14.0,10,10.5,57.81,0.8,4.8,5.78,0
7028,2017-05-01,0,372,14.0,7,10.5,36.13,0.71,0.57,4.8,0
7028,2017-06-01,0,372,11.0,17,10.5,101.17,0.82,1.12,0.57,0
7028,2017-07-01,0,372,19.0,19,10.5,115.62,0.84,0.82,1.12,0
7028,2017-08-01,0,372,13.0,14,10.5,65.04,0.64,0.36,0.82,0
7028,2017-09-01,0,372,7.0,7,10.5,36.13,0.71,0.18,0.36,0
7028,2017-10-01,0,372,10.0,12,10.5,79.49,0.92,0.34,0.18,0
7028,2017-11-01,0,372,12.0,12,10.5,36.13,0.42,6.41,0.34,0
7028,2017-12-01,0,372,2.0,2,10.5,7.23,0.5,10.29,6.41,0
7028,2018-01-01,0,372,11.0,11,10.5,50.58,0.64,9.3,10.29,0
7028,2018-02-01,0,372,18.0,18,10.5,101.17,0.78,5.32,9.3,0
7028,2018-03-01,0,372,7.0,12,10.5,43.36,0.5,3.17,5.32,0
7028,2018-04-01,0,372,15.0,19,10.5,108.39,0.79,4.29,3.17,0
7028,2018-05-01,0,372,19.0,27,10.5,101.17,0.52,0.62,4.29,0
7028,2018-06-01,0,372,16.0,24,10.5,122.85,0.71,0.61,0.62,0
7028,2018-07-01,0,372,11.0,15,10.5,72.26,0.67,4.0,0.61,0
7028,2018-08-01,0,372,14.0,15,10.5,65.04,0.6,0.23,4.0,0
7028,2018-09-01,0,372,8.0,8,10.5,36.13,0.62,0.36,0.23,0
7028,2018-10-01,0,372,5.0,5,10.5,28.91,0.8,0.56,0.36,0
7029,2017-12-01,0,1129,4.0,4,7.0,0.78,0.25,10.29,6.41,1
7029,2018-01-01,0,1129,3.0,3,7.0,0.78,0.33,9.3,10.29,1
7029,2018-02-01,0,1129,1.0,1,7.0,0.78,1.0,5.32,9.3,1
7029,2018-03-01,0,1129,14.0,14,7.0,4.71,0.43,3.17,5.32,1
7029,2018-04-01,0,1129,6.0,6,7.0,2.35,0.5,4.29,3.17,1
7029,2018-05-01,0,1129,6.0,6,7.0,2.35,0.5,0.62,4.29,1
7029,2018-06-01,0,1129,6.0,6,7.0,2.35,0.5,0.61,0.62,1
7029,2018-07-01,0,1129,1.0,1,7.0,0.0,0.0,4.0,0.61,1
7029,2018-08-01,0,1129,7.0,7,7.0,2.35,0.43,0.23,4.0,1
7029,2018-09-01,0,1129,5.0,5,7.0,1.57,0.4,0.36,0.23,1
7029,2018-10-01,0,1129,6.0,6,7.0,2.35,0.5,0.56,0.36,1
7030,2017-02-01,0,817,14.0,2,17.4,3.0,1.0,3.42,5.64,0
7030,2017-03-01,0,817,14.0,1,17.4,0.0,0.0,5.78,3.42,0
7030,2017-04-01,0,817,14.0,2,17.4,3.0,1.0,4.8,5.78,0
7030,2017-05-01,0,817,14.0,6,17.4,5.99,0.67,0.57,4.8,0
7030,2017-06-01,0,817,7.0,10,17.4,8.99,0.6,1.12,0.57,0
7030,2017-07-01,0,817,12.0,12,17.4,10.49,0.58,0.82,1.12,0
7030,2017-08-01,0,817,7.0,7,17.4,7.49,0.71,0.36,0.82,0
7030,2017-09-01,0,817,2.0,2,17.4,1.5,0.5,0.18,0.36,0
7030,2017-10-01,0,817,4.0,4,17.4,1.5,0.25,0.34,0.18,0
7030,2017-11-01,0,817,4.0,4,17.4,1.5,0.25,6.41,0.34,0
7030,2018-01-01,0,817,8.0,8,17.4,7.49,0.62,9.3,6.41,0
7030,2018-02-01,0,817,14.0,14,17.4,19.48,0.93,5.32,9.3,0
7030,2018-03-01,0,817,2.0,5,17.4,3.0,0.4,3.17,5.32,0
7030,2018-04-01,0,817,8.0,8,17.4,7.49,0.62,4.29,3.17,0
7030,2018-05-01,0,817,8.0,8,17.4,7.49,0.62,0.62,4.29,0
7030,2018-06-01,0,817,14.0,14,17.4,10.49,0.5,0.61,0.62,0
7030,2018-07-01,0,817,8.0,9,17.4,8.99,0.67,4.0,0.61,0
7030,2018-08-01,0,817,11.0,11,17.4,10.49,0.64,0.23,4.0,0
7030,2018-09-01,0,817,1.0,1,17.4,1.5,1.0,0.36,0.23,0
7030,2018-10-01,0,817,1.0,1,17.4,1.5,1.0,0.56,0.36,0
7031,2017-05-01,0,496,14.0,1,25.1,4.06,1.0,0.57,4.8,0
7031,2017-10-01,0,496,1.0,1,25.1,0.0,0.0,0.34,0.57,0
7032,2017-01-01,1,291,14.0,1,20.0,11.81,1.0,5.64,4.39,0
7032,2017-04-01,1,291,14.0,2,20.0,11.81,0.5,4.8,5.78,0
7032,2017-05-01,1,291,14.0,1,20.0,0.0,0.0,0.57,4.8,0
7032,2017-06-01,1,291,9.0,9,20.0,94.47,0.89,1.12,0.57,0
7032,2017-08-01,1,291,0.0,1,20.0,11.81,1.0,0.36,0.82,0
7032,2017-09-01,1,291,1.0,1,20.0,0.0,0.0,0.18,0.36,0
7032,2017-10-01,1,291,1.0,5,20.0,47.24,0.8,0.34,0.18,0
7032,2017-11-01,1,291,1.0,1,20.0,0.0,0.0,6.41,0.34,0
7032,2017-12-01,1,291,3.0,3,20.0,11.81,0.33,10.29,6.41,0
7032,2018-02-01,1,291,2.0,2,20.0,23.62,1.0,5.32,10.29,0
7032,2018-03-01,1,291,1.0,2,20.0,11.81,0.5,3.17,5.32,0
7032,2018-04-01,1,291,0.0,3,20.0,23.62,0.67,4.29,3.17,0
7032,2018-05-01,1,291,3.0,3,20.0,35.43,1.0,0.62,4.29,0
7032,2018-06-01,1,291,4.0,8,20.0,11.81,0.12,0.61,0.62,0
7032,2018-07-01,1,291,1.0,6,20.0,35.43,0.5,4.0,0.61,0
7032,2018-08-01,1,291,0.0,3,20.0,35.43,1.0,0.23,4.0,0
7032,2018-09-01,1,291,7.0,7,20.0,59.05,0.71,0.36,0.23,0
7032,2018-10-01,1,291,1.0,1,20.0,11.81,1.0,0.56,0.36,0
7033,2017-12-01,0,566,7.0,7,7.0,12.49,0.57,10.29,6.41,1
7033,2018-01-01,0,566,5.0,5,7.0,3.12,0.2,9.3,10.29,1
7033,2018-02-01,0,566,6.0,6,7.0,15.61,0.83,5.32,9.3,1
7033,2018-03-01,0,566,6.0,6,7.0,12.49,0.67,3.17,5.32,1
7033,2018-04-01,0,566,3.0,3,7.0,6.24,0.67,4.29,3.17,1
7033,2018-05-01,0,566,4.0,4,7.0,6.24,0.5,0.62,4.29,1
7033,2018-06-01,0,566,8.0,8,7.0,9.36,0.38,0.61,0.62,1
7033,2018-07-01,0,566,1.0,1,7.0,0.0,0.0,4.0,0.61,1
7033,2018-08-01,0,566,3.0,3,7.0,3.12,0.33,0.23,4.0,1
7033,2018-09-01,0,566,1.0,1,7.0,3.12,1.0,0.36,0.23,1
7033,2018-10-01,0,566,5.0,5,7.0,3.12,0.2,0.56,0.36,1
7034,2017-01-01,0,460,14.0,1,15.9,4.73,1.0,5.64,4.39,0
7034,2017-04-01,0,460,14.0,8,15.9,23.63,0.62,4.8,5.78,0
7034,2017-05-01,0,460,14.0,12,15.9,56.71,1.0,0.57,4.8,0
7034,2017-06-01,0,460,7.0,10,15.9,47.26,1.0,1.12,0.57,0
7034,2017-07-01,0,460,17.0,17,15.9,47.26,0.59,0.82,1.12,0
7034,2017-08-01,0,460,13.0,113,15.9,425.33,0.8,0.36,0.82,0
7034,2017-09-01,0,460,6.0,6,15.9,18.9,0.67,0.18,0.36,0
7034,2017-10-01,0,460,11.0,68,15.9,236.29,0.74,0.34,0.18,0
7034,2017-11-01,0,460,4.0,7,15.9,14.18,0.43,6.41,0.34,0
7034,2017-12-01,0,460,4.0,4,15.9,9.45,0.5,10.29,6.41,0
7034,2018-01-01,0,460,9.0,9,15.9,23.63,0.56,9.3,10.29,0
7034,2018-02-01,0,460,6.0,6,15.9,14.18,0.5,5.32,9.3,0
7034,2018-03-01,0,460,10.0,91,15.9,288.28,0.67,3.17,5.32,0
7034,2018-04-01,0,460,17.0,98,15.9,316.64,0.68,4.29,3.17,0
7034,2018-05-01,0,460,18.0,88,15.9,311.91,0.75,0.62,4.29,0
7034,2018-06-01,0,460,14.0,61,15.9,222.12,0.77,0.61,0.62,0
7034,2018-07-01,0,460,2.0,41,15.9,122.87,0.63,4.0,0.61,0
7034,2018-08-01,0,460,12.0,40,15.9,141.78,0.75,0.23,4.0,0
7034,2018-09-01,0,460,2.0,2,15.9,4.73,0.5,0.36,0.23,0
7034,2018-10-01,0,460,6.0,6,15.9,23.63,0.83,0.56,0.36,0
7035,2016-12-01,1,651,14.0,1,25.7,0.0,0.0,4.39,1.55,0
7035,2017-01-01,1,651,14.0,2,25.7,0.0,0.0,5.64,4.39,0
7035,2017-04-01,1,651,14.0,3,25.7,7.08,1.0,4.8,5.78,0
7035,2017-05-01,1,651,14.0,6,25.7,9.44,0.67,0.57,4.8,0
7035,2017-06-01,1,651,60.0,65,25.7,129.78,0.85,1.12,0.57,0
7035,2017-07-01,1,651,4.0,4,25.7,4.72,0.5,0.82,1.12,0
7035,2017-08-01,1,651,8.0,10,25.7,21.24,0.9,0.36,0.82,0
7035,2017-09-01,1,651,5.0,5,25.7,9.44,0.8,0.18,0.36,0
7035,2017-10-01,1,651,4.0,6,25.7,11.8,0.83,0.34,0.18,0
7035,2017-11-01,1,651,9.0,9,25.7,11.8,0.56,6.41,0.34,0
7035,2017-12-01,1,651,3.0,3,25.7,0.0,0.0,10.29,6.41,0
7035,2018-01-01,1,651,5.0,5,25.7,7.08,0.6,9.3,10.29,0
7035,2018-02-01,1,651,5.0,5,25.7,4.72,0.4,5.32,9.3,0
7035,2018-03-01,1,651,9.0,12,25.7,21.24,0.75,3.17,5.32,0
7035,2018-04-01,1,651,5.0,20,25.7,30.67,0.65,4.29,3.17,0
7035,2018-05-01,1,651,7.0,13,25.7,14.16,0.46,0.62,4.29,0
7035,2018-06-01,1,651,0.0,12,25.7,18.88,0.67,0.61,0.62,0
7035,2018-07-01,1,651,5.0,16,25.7,25.96,0.69,4.0,0.61,0
7035,2018-08-01,1,651,8.0,12,25.7,21.24,0.75,0.23,4.0,0
7035,2018-09-01,1,651,6.0,6,25.7,14.16,1.0,0.36,0.23,0
7035,2018-10-01,1,651,2.0,2,25.7,4.72,1.0,0.56,0.36,0
7036,2016-12-01,0,313,14.0,9,7.0,51.04,0.56,4.39,1.55,1
7036,2017-01-01,0,313,14.0,18,7.0,153.11,0.83,5.64,4.39,1
7036,2017-02-01,0,313,14.0,26,7.0,193.94,0.73,3.42,5.64,1
7036,2017-03-01,0,313,14.0,12,7.0,81.66,0.67,5.78,3.42,1
7036,2017-04-01,0,313,0.0,27,7.0,193.94,0.7,4.8,5.78,1
7036,2017-05-01,0,313,14.0,15,7.0,81.66,0.53,0.57,4.8,1
7036,2017-06-01,0,313,9.0,12,7.0,71.45,0.58,1.12,0.57,1
7036,2017-07-01,0,313,13.0,13,7.0,81.66,0.62,0.82,1.12,1
7036,2017-08-01,0,313,22.0,22,7.0,102.07,0.45,0.36,0.82,1
7036,2017-09-01,0,313,19.0,20,7.0,91.87,0.45,0.18,0.36,1
7036,2017-10-01,0,313,7.0,7,7.0,40.83,0.57,0.34,0.18,1
7036,2017-11-01,0,313,5.0,5,7.0,30.62,0.6,6.41,0.34,1
7036,2017-12-01,0,313,5.0,8,7.0,61.24,0.75,10.29,6.41,1
7036,2018-01-01,0,313,13.0,13,7.0,71.45,0.54,9.3,10.29,1
7036,2018-02-01,0,313,26.0,30,7.0,224.56,0.73,5.32,9.3,1
7036,2018-03-01,0,313,13.0,13,7.0,71.45,0.54,3.17,5.32,1
7036,2018-04-01,0,313,20.0,23,7.0,132.7,0.57,4.29,3.17,1
7036,2018-05-01,0,313,20.0,23,7.0,102.07,0.43,0.62,4.29,1
7036,2018-06-01,0,313,20.0,20,7.0,81.66,0.4,0.61,0.62,1
7036,2018-07-01,0,313,13.0,13,7.0,51.04,0.38,4.0,0.61,1
7036,2018-08-01,0,313,11.0,11,7.0,61.24,0.55,0.23,4.0,1
7036,2018-09-01,0,313,25.0,25,7.0,153.11,0.6,0.36,0.23,1
7036,2018-10-01,0,313,13.0,13,7.0,61.24,0.46,0.56,0.36,1
7037,2016-12-01,0,388,14.0,5,7.0,26.57,0.8,4.39,1.55,1
7037,2017-01-01,0,388,0.0,8,7.0,39.86,0.75,5.64,4.39,1
7037,2017-02-01,0,388,14.0,17,7.0,86.35,0.76,3.42,5.64,1
7037,2017-03-01,0,388,14.0,5,7.0,26.57,0.8,5.78,3.42,1
7037,2017-04-01,0,388,14.0,9,7.0,53.14,0.89,4.8,5.78,1
7037,2017-05-01,0,388,14.0,14,7.0,66.43,0.71,0.57,4.8,1
7037,2017-06-01,0,388,24.0,25,7.0,86.35,0.52,1.12,0.57,1
7037,2017-07-01,0,388,20.0,20,7.0,66.43,0.5,0.82,1.12,1
7037,2017-08-01,0,388,20.0,21,7.0,73.07,0.52,0.36,0.82,1
7037,2017-09-01,0,388,5.0,6,7.0,13.29,0.33,0.18,0.36,1
7037,2017-10-01,0,388,9.0,9,7.0,26.57,0.44,0.34,0.18,1
7037,2017-11-01,0,388,7.0,7,7.0,33.21,0.71,6.41,0.34,1
7037,2017-12-01,0,388,9.0,9,7.0,19.93,0.33,10.29,6.41,1
7037,2018-01-01,0,388,17.0,17,7.0,59.78,0.53,9.3,10.29,1
7037,2018-02-01,0,388,25.0,27,7.0,126.21,0.7,5.32,9.3,1
7037,2018-03-01,0,388,14.0,15,7.0,53.14,0.53,3.17,5.32,1
7037,2018-04-01,0,388,7.0,7,7.0,13.29,0.29,4.29,3.17,1
7037,2018-05-01,0,388,12.0,12,7.0,59.78,0.75,0.62,4.29,1
7037,2018-06-01,0,388,12.0,12,7.0,33.21,0.42,0.61,0.62,1
7037,2018-07-01,0,388,9.0,9,7.0,13.29,0.22,4.0,0.61,1
7037,2018-08-01,0,388,2.0,2,7.0,13.29,1.0,0.23,4.0,1
7037,2018-09-01,0,388,8.0,8,7.0,19.93,0.38,0.36,0.23,1
7037,2018-10-01,0,388,21.0,21,7.0,53.14,0.38,0.56,0.36,1
7038,2016-12-01,0,342,0.0,17,7.0,59.85,0.41,4.39,1.55,1
7038,2017-01-01,0,342,0.0,29,7.0,162.44,0.66,5.64,4.39,1
7038,2017-02-01,0,342,14.0,46,7.0,273.59,0.7,3.42,5.64,1
7038,2017-03-01,0,342,0.0,48,7.0,273.59,0.67,5.78,3.42,1
7038,2017-04-01,0,342,0.0,35,7.0,162.44,0.54,4.8,5.78,1
7038,2017-05-01,0,342,14.0,69,7.0,418.93,0.71,0.57,4.8,1
7038,2017-06-01,0,342,47.0,58,7.0,299.24,0.6,1.12,0.57,1
7038,2017-07-01,0,342,30.0,33,7.0,111.15,0.39,0.82,1.12,1
7038,2017-08-01,0,342,33.0,46,7.0,230.84,0.59,0.36,0.82,1
7038,2017-09-01,0,342,39.0,45,7.0,179.54,0.47,0.18,0.36,1
7038,2017-10-01,0,342,19.0,23,7.0,119.69,0.61,0.34,0.18,1
7038,2017-11-01,0,342,13.0,13,7.0,59.85,0.54,6.41,0.34,1
7038,2017-12-01,0,342,18.0,27,7.0,111.15,0.48,10.29,6.41,1
7038,2018-01-01,0,342,49.0,52,7.0,282.14,0.63,9.3,10.29,1
7038,2018-02-01,0,342,32.0,38,7.0,179.54,0.55,5.32,9.3,1
7038,2018-03-01,0,342,30.0,36,7.0,179.54,0.58,3.17,5.32,1
7038,2018-04-01,0,342,13.0,19,7.0,51.3,0.32,4.29,3.17,1
7038,2018-05-01,0,342,27.0,34,7.0,170.99,0.59,0.62,4.29,1
7038,2018-06-01,0,342,26.0,30,7.0,136.79,0.53,0.61,0.62,1
7038,2018-07-01,0,342,42.0,44,7.0,145.34,0.39,4.0,0.61,1
7038,2018-08-01,0,342,27.0,33,7.0,94.05,0.33,0.23,4.0,1
7038,2018-09-01,0,342,32.0,32,7.0,94.05,0.34,0.36,0.23,1
7038,2018-10-01,0,342,21.0,22,7.0,136.79,0.73,0.56,0.36,1
7039,2016-12-01,0,539,0.0,18,7.0,24.09,0.39,4.39,1.55,1
7039,2017-01-01,0,539,0.0,36,7.0,92.94,0.75,5.64,4.39,1
7039,2017-02-01,0,539,0.0,50,7.0,127.36,0.74,3.42,5.64,1
7039,2017-03-01,0,539,0.0,38,7.0,96.38,0.74,5.78,3.42,1
7039,2017-04-01,0,539,0.0,50,7.0,130.8,0.76,4.8,5.78,1
7039,2017-05-01,0,539,0.0,53,7.0,127.36,0.7,0.57,4.8,1
7039,2017-06-01,0,539,21.0,29,7.0,65.4,0.66,1.12,0.57,1
7039,2017-07-01,0,539,39.0,51,7.0,117.03,0.67,0.82,1.12,1
7039,2017-08-01,0,539,33.0,43,7.0,82.61,0.56,0.36,0.82,1
7039,2017-09-01,0,539,25.0,32,7.0,51.63,0.47,0.18,0.36,1
7039,2017-10-01,0,539,15.0,17,7.0,27.54,0.47,0.34,0.18,1
7039,2017-11-01,0,539,21.0,21,7.0,44.75,0.62,6.41,0.34,1
7039,2017-12-01,0,539,22.0,39,7.0,79.17,0.59,10.29,6.41,1
7039,2018-01-01,0,539,58.0,60,7.0,134.24,0.65,9.3,10.29,1
7039,2018-02-01,0,539,48.0,56,7.0,106.7,0.55,5.32,9.3,1
7039,2018-03-01,0,539,38.0,57,7.0,123.92,0.63,3.17,5.32,1
7039,2018-04-01,0,539,41.0,56,7.0,113.59,0.59,4.29,3.17,1
7039,2018-05-01,0,539,52.0,64,7.0,123.92,0.56,0.62,4.29,1
7039,2018-06-01,0,539,40.0,47,7.0,82.61,0.51,0.61,0.62,1
7039,2018-07-01,0,539,25.0,28,7.0,44.75,0.46,4.0,0.61,1
7039,2018-08-01,0,539,16.0,19,7.0,20.65,0.32,0.23,4.0,1
7039,2018-09-01,0,539,40.0,40,7.0,65.4,0.48,0.36,0.23,1
7039,2018-10-01,0,539,40.0,41,7.0,58.52,0.41,0.56,0.36,1
7040,2016-12-01,0,684,0.0,31,7.0,29.92,0.45,4.39,1.55,1
7040,2017-01-01,0,684,0.0,51,7.0,76.95,0.71,5.64,4.39,1
7040,2017-02-01,0,684,0.0,68,7.0,113.28,0.78,3.42,5.64,1
7040,2017-03-01,0,684,0.0,53,7.0,91.91,0.81,5.78,3.42,1
7040,2017-04-01,0,684,0.0,35,7.0,59.85,0.8,4.8,5.78,1
7040,2017-05-01,0,684,0.0,62,7.0,91.91,0.69,0.57,4.8,1
7040,2017-06-01,0,684,32.0,50,7.0,59.85,0.56,1.12,0.57,1
7040,2017-07-01,0,684,31.0,46,7.0,57.71,0.59,0.82,1.12,1
7040,2017-08-01,0,684,27.0,41,7.0,47.02,0.54,0.36,0.82,1
7040,2017-09-01,0,684,26.0,47,7.0,53.44,0.53,0.18,0.36,1
7040,2017-10-01,0,684,24.0,31,7.0,25.65,0.39,0.34,0.18,1
7040,2017-11-01,0,684,19.0,19,7.0,23.51,0.58,6.41,0.34,1
7040,2017-12-01,0,684,25.0,39,7.0,55.57,0.67,10.29,6.41,1
7040,2018-01-01,0,684,25.0,28,7.0,40.61,0.68,9.3,10.29,1
7040,2018-02-01,0,684,50.0,61,7.0,79.08,0.61,5.32,9.3,1
7040,2018-03-01,0,684,38.0,53,7.0,66.26,0.58,3.17,5.32,1
7040,2018-04-01,0,684,20.0,36,7.0,51.3,0.67,4.29,3.17,1
7040,2018-05-01,0,684,35.0,56,7.0,76.95,0.64,0.62,4.29,1
7040,2018-06-01,0,684,29.0,40,7.0,51.3,0.6,0.61,0.62,1
7040,2018-07-01,0,684,29.0,33,7.0,19.24,0.27,4.0,0.61,1
7040,2018-08-01,0,684,15.0,30,7.0,27.79,0.43,0.23,4.0,1
7040,2018-09-01,0,684,38.0,40,7.0,53.44,0.62,0.36,0.23,1
7040,2018-10-01,0,684,45.0,45,7.0,55.57,0.58,0.56,0.36,1
7041,2016-12-01,0,391,0.0,11,7.0,45.79,0.64,4.39,1.55,1
7041,2017-01-01,0,391,0.0,47,7.0,176.61,0.57,5.64,4.39,1
7041,2017-02-01,0,391,0.0,29,7.0,104.66,0.55,3.42,5.64,1
7041,2017-03-01,0,391,0.0,24,7.0,91.57,0.58,5.78,3.42,1
7041,2017-04-01,0,391,0.0,33,7.0,137.36,0.64,4.8,5.78,1
7041,2017-05-01,0,391,0.0,24,7.0,117.74,0.75,0.57,4.8,1
7041,2017-06-01,0,391,23.0,31,7.0,91.57,0.45,1.12,0.57,1
7041,2017-07-01,0,391,39.0,40,7.0,130.82,0.5,0.82,1.12,1
7041,2017-08-01,0,391,13.0,15,7.0,52.33,0.53,0.36,0.82,1
7041,2017-09-01,0,391,24.0,30,7.0,78.49,0.4,0.18,0.36,1
7041,2017-10-01,0,391,22.0,28,7.0,65.41,0.36,0.34,0.18,1
7041,2017-11-01,0,391,13.0,16,7.0,45.79,0.44,6.41,0.34,1
7041,2017-12-01,0,391,14.0,22,7.0,85.03,0.59,10.29,6.41,1
7041,2018-01-01,0,391,32.0,35,7.0,111.2,0.49,9.3,10.29,1
7041,2018-02-01,0,391,26.0,34,7.0,137.36,0.62,5.32,9.3,1
7041,2018-03-01,0,391,29.0,29,7.0,117.74,0.62,3.17,5.32,1
7041,2018-04-01,0,391,24.0,35,7.0,156.98,0.69,4.29,3.17,1
7041,2018-05-01,0,391,37.0,38,7.0,111.2,0.45,0.62,4.29,1
7041,2018-06-01,0,391,27.0,38,7.0,85.03,0.34,0.61,0.62,1
7041,2018-07-01,0,391,31.0,41,7.0,91.57,0.34,4.0,0.61,1
7041,2018-08-01,0,391,27.0,33,7.0,85.03,0.39,0.23,4.0,1
7041,2018-09-01,0,391,36.0,45,7.0,156.98,0.53,0.36,0.23,1
7041,2018-10-01,0,391,40.0,46,7.0,202.77,0.67,0.56,0.36,1
7042,2016-12-01,0,717,0.0,23,7.0,11.67,0.26,4.39,1.55,1
7042,2017-01-01,0,717,0.0,42,7.0,58.36,0.71,5.64,4.39,1
7042,2017-02-01,0,717,0.0,43,7.0,62.25,0.74,3.42,5.64,1
7042,2017-03-01,0,717,0.0,41,7.0,56.41,0.71,5.78,3.42,1
7042,2017-04-01,0,717,0.0,36,7.0,52.52,0.75,4.8,5.78,1
7042,2017-05-01,0,717,0.0,47,7.0,56.41,0.62,0.57,4.8,1
7042,2017-06-01,0,717,32.0,52,7.0,71.97,0.71,1.12,0.57,1
7042,2017-07-01,0,717,47.0,71,7.0,77.81,0.56,0.82,1.12,1
7042,2017-08-01,0,717,13.0,20,7.0,17.51,0.45,0.36,0.82,1
7042,2017-09-01,0,717,17.0,25,7.0,21.4,0.44,0.18,0.36,1
7042,2017-10-01,0,717,22.0,39,7.0,40.85,0.54,0.34,0.18,1
7042,2017-11-01,0,717,9.0,12,7.0,15.56,0.67,6.41,0.34,1
7042,2017-12-01,0,717,18.0,33,7.0,40.85,0.64,10.29,6.41,1
7042,2018-01-01,0,717,20.0,36,7.0,29.18,0.42,9.3,10.29,1
7042,2018-02-01,0,717,23.0,43,7.0,42.79,0.51,5.32,9.3,1
7042,2018-03-01,0,717,19.0,19,7.0,21.4,0.58,3.17,5.32,1
7042,2018-04-01,0,717,15.0,27,7.0,36.96,0.7,4.29,3.17,1
7042,2018-05-01,0,717,29.0,39,7.0,25.29,0.33,0.62,4.29,1
7042,2018-06-01,0,717,30.0,43,7.0,36.96,0.44,0.61,0.62,1
7042,2018-07-01,0,717,17.0,17,7.0,9.73,0.29,4.0,0.61,1
7042,2018-08-01,0,717,16.0,23,7.0,9.73,0.22,0.23,4.0,1
7042,2018-09-01,0,717,13.0,22,7.0,19.45,0.45,0.36,0.23,1
7042,2018-10-01,0,717,22.0,31,7.0,21.4,0.35,0.56,0.36,1
7043,2016-12-01,0,535,0.0,14,7.0,24.46,0.5,4.39,1.55,1
7043,2017-01-01,0,535,0.0,50,7.0,129.27,0.74,5.64,4.39,1
7043,2017-02-01,0,535,0.0,50,7.0,143.24,0.82,3.42,5.64,1
7043,2017-03-01,0,535,1.0,60,7.0,171.19,0.82,5.78,3.42,1
7043,2017-04-01,0,535,0.0,28,7.0,80.36,0.82,4.8,5.78,1
7043,2017-05-01,0,535,1.0,35,7.0,80.36,0.66,0.57,4.8,1
7043,2017-06-01,0,535,28.0,33,7.0,69.88,0.61,1.12,0.57,1
7043,2017-07-01,0,535,23.0,35,7.0,59.39,0.49,0.82,1.12,1
7043,2017-08-01,0,535,14.0,24,7.0,48.91,0.58,0.36,0.82,1
7043,2017-09-01,0,535,22.0,32,7.0,62.89,0.56,0.18,0.36,1
7043,2017-10-01,0,535,14.0,30,7.0,41.93,0.4,0.34,0.18,1
7043,2017-11-01,0,535,18.0,25,7.0,52.41,0.6,6.41,0.34,1
7043,2017-12-01,0,535,15.0,35,7.0,66.38,0.54,10.29,6.41,1
7043,2018-01-01,0,535,23.0,41,7.0,76.86,0.54,9.3,10.29,1
7043,2018-02-01,0,535,31.0,65,7.0,153.73,0.68,5.32,9.3,1
7043,2018-03-01,0,535,25.0,26,7.0,45.42,0.5,3.17,5.32,1
7043,2018-04-01,0,535,11.0,36,7.0,87.34,0.69,4.29,3.17,1
7043,2018-05-01,0,535,26.0,54,7.0,97.83,0.52,0.62,4.29,1
7043,2018-06-01,0,535,9.0,55,7.0,87.34,0.45,0.61,0.62,1
7043,2018-07-01,0,535,16.0,37,7.0,55.9,0.43,4.0,0.61,1
7043,2018-08-01,0,535,25.0,36,7.0,34.94,0.28,0.23,4.0,1
7043,2018-09-01,0,535,25.0,62,7.0,108.31,0.5,0.36,0.23,1
7043,2018-10-01,0,535,27.0,49,7.0,69.88,0.41,0.56,0.36,1
7044,2016-12-01,0,535,0.0,18,7.0,45.42,0.72,4.39,1.55,1
7044,2017-01-01,0,535,1.0,89,7.0,234.08,0.75,5.64,4.39,1
7044,2017-02-01,0,535,0.0,68,7.0,181.68,0.76,3.42,5.64,1
7044,2017-03-01,0,535,1.0,71,7.0,195.65,0.79,5.78,3.42,1
7044,2017-04-01,0,535,0.0,83,7.0,213.12,0.73,4.8,5.78,1
7044,2017-05-01,0,535,0.0,46,7.0,76.86,0.48,0.57,4.8,1
7044,2017-06-01,0,535,19.0,33,7.0,59.39,0.52,1.12,0.57,1
7044,2017-07-01,0,535,16.0,37,7.0,90.84,0.7,0.82,1.12,1
7044,2017-08-01,0,535,16.0,59,7.0,143.24,0.69,0.36,0.82,1
7044,2017-09-01,0,535,11.0,31,7.0,62.89,0.58,0.18,0.36,1
7044,2017-10-01,0,535,14.0,41,7.0,83.85,0.59,0.34,0.18,1
7044,2017-11-01,0,535,10.0,36,7.0,62.89,0.5,6.41,0.34,1
7044,2017-12-01,0,535,12.0,49,7.0,125.78,0.73,10.29,6.41,1
7044,2018-01-01,0,535,28.0,90,7.0,195.65,0.62,9.3,10.29,1
7044,2018-02-01,0,535,31.0,102,7.0,255.04,0.72,5.32,9.3,1
7044,2018-03-01,0,535,17.0,25,7.0,66.38,0.76,3.17,5.32,1
7044,2018-04-01,0,535,9.0,55,7.0,139.75,0.73,4.29,3.17,1
7044,2018-05-01,0,535,8.0,55,7.0,125.78,0.65,0.62,4.29,1
7044,2018-06-01,0,535,10.0,71,7.0,136.26,0.55,0.61,0.62,1
7044,2018-07-01,0,535,8.0,41,7.0,80.36,0.56,4.0,0.61,1
7044,2018-08-01,0,535,10.0,41,7.0,62.89,0.44,0.23,4.0,1
7044,2018-09-01,0,535,18.0,57,7.0,97.83,0.49,0.36,0.23,1
7044,2018-10-01,0,535,17.0,38,7.0,76.86,0.58,0.56,0.36,1
7045,2016-12-01,0,135,14.0,18,7.0,548.7,0.56,4.39,1.55,1
7045,2017-08-01,0,135,36.0,36,7.0,932.78,0.47,0.36,0.82,1
7045,2017-09-01,0,135,34.0,34,7.0,877.91,0.47,0.18,0.36,1
7045,2017-10-01,0,135,27.0,27,7.0,768.18,0.52,0.34,0.18,1
7045,2018-06-01,0,135,37.0,37,7.0,987.65,0.49,0.61,0.34,1
7046,2016-12-01,0,469,0.0,11,7.0,36.37,0.73,4.39,1.55,1
7046,2017-01-01,0,469,14.0,35,7.0,109.11,0.69,5.64,4.39,1
7046,2017-02-01,0,469,14.0,20,7.0,68.19,0.75,3.42,5.64,1
7046,2017-03-01,0,469,0.0,25,7.0,77.29,0.68,5.78,3.42,1
7046,2017-04-01,0,469,0.0,49,7.0,168.21,0.76,4.8,5.78,1
7046,2017-05-01,0,469,14.0,34,7.0,109.11,0.71,0.57,4.8,1
7046,2017-06-01,0,469,27.0,32,7.0,109.11,0.75,1.12,0.57,1
7046,2017-07-01,0,469,44.0,44,7.0,95.47,0.48,0.82,1.12,1
7046,2017-08-01,0,469,18.0,18,7.0,50.01,0.61,0.36,0.82,1
7046,2017-09-01,0,469,16.0,17,7.0,18.19,0.24,0.18,0.36,1
7046,2017-10-01,0,469,27.0,29,7.0,81.83,0.62,0.34,0.18,1
7046,2017-11-01,0,469,15.0,15,7.0,54.56,0.8,6.41,0.34,1
7046,2017-12-01,0,469,29.0,30,7.0,63.65,0.47,10.29,6.41,1
7046,2018-01-01,0,469,52.0,52,7.0,145.48,0.62,9.3,10.29,1
7046,2018-02-01,0,469,66.0,68,7.0,154.57,0.5,5.32,9.3,1
7046,2018-03-01,0,469,43.0,43,7.0,109.11,0.56,3.17,5.32,1
7046,2018-04-01,0,469,23.0,26,7.0,68.19,0.58,4.29,3.17,1
7046,2018-05-01,0,469,33.0,33,7.0,59.1,0.39,0.62,4.29,1
7046,2018-06-01,0,469,27.0,28,7.0,59.1,0.46,0.61,0.62,1
7046,2018-07-01,0,469,25.0,26,7.0,45.46,0.38,4.0,0.61,1
7046,2018-08-01,0,469,20.0,20,7.0,45.46,0.5,0.23,4.0,1
7046,2018-09-01,0,469,46.0,46,7.0,90.93,0.43,0.36,0.23,1
7046,2018-10-01,0,469,37.0,37,7.0,109.11,0.65,0.56,0.36,1
7047,2017-01-01,0,214,14.0,1,7.0,0.0,0.0,5.64,4.39,1
7047,2017-07-01,0,214,1.0,1,7.0,0.0,0.0,0.82,5.64,1
7047,2017-09-01,0,214,8.0,8,7.0,87.34,0.5,0.18,0.82,1
7047,2017-10-01,0,214,5.0,5,7.0,65.51,0.6,0.34,0.18,1
7047,2017-11-01,0,214,22.0,22,7.0,305.7,0.64,6.41,0.34,1
7047,2017-12-01,0,214,19.0,19,7.0,152.85,0.37,10.29,6.41,1
7047,2018-01-01,0,214,45.0,45,7.0,633.24,0.64,9.3,10.29,1
7047,2018-02-01,0,214,44.0,44,7.0,698.75,0.73,5.32,9.3,1
7047,2018-03-01,0,214,64.0,64,7.0,917.11,0.66,3.17,5.32,1
7047,2018-05-01,0,214,32.0,32,7.0,524.06,0.75,0.62,3.17,1
7047,2018-06-01,0,214,16.0,17,7.0,152.85,0.41,0.61,0.62,1
7047,2018-07-01,0,214,28.0,29,7.0,414.88,0.66,4.0,0.61,1
7047,2018-08-01,0,214,35.0,35,7.0,349.38,0.46,0.23,4.0,1
7047,2018-09-01,0,214,10.0,10,7.0,109.18,0.5,0.36,0.23,1
7047,2018-10-01,0,214,12.0,12,7.0,65.51,0.25,0.56,0.36,1
7048,2016-12-01,0,400,14.0,9,7.0,43.75,0.78,4.39,1.55,1
7048,2017-01-01,0,400,14.0,19,7.0,75.0,0.63,5.64,4.39,1
7048,2017-02-01,0,400,14.0,32,7.0,112.5,0.56,3.42,5.64,1
7048,2017-03-01,0,400,14.0,47,7.0,168.75,0.57,5.78,3.42,1
7048,2017-04-01,0,400,14.0,16,7.0,62.5,0.62,4.8,5.78,1
7048,2017-05-01,0,400,14.0,19,7.0,68.75,0.58,0.57,4.8,1
7048,2017-06-01,0,400,10.0,31,7.0,106.25,0.55,1.12,0.57,1
7048,2017-07-01,0,400,37.0,43,7.0,100.0,0.37,0.82,1.12,1
7048,2017-08-01,0,400,20.0,20,7.0,31.25,0.25,0.36,0.82,1
7048,2017-09-01,0,400,28.0,28,7.0,100.0,0.57,0.18,0.36,1
7048,2017-10-01,0,400,21.0,21,7.0,68.75,0.52,0.34,0.18,1
7048,2017-11-01,0,400,22.0,22,7.0,50.0,0.36,6.41,0.34,1
7048,2017-12-01,0,400,18.0,18,7.0,75.0,0.67,10.29,6.41,1
7048,2018-01-01,0,400,32.0,32,7.0,112.5,0.56,9.3,10.29,1
7048,2018-02-01,0,400,17.0,17,7.0,50.0,0.47,5.32,9.3,1
7048,2018-03-01,0,400,34.0,34,7.0,118.75,0.56,3.17,5.32,1
7048,2018-04-01,0,400,18.0,18,7.0,81.25,0.72,4.29,3.17,1
7048,2018-05-01,0,400,33.0,33,7.0,118.75,0.58,0.62,4.29,1
7048,2018-06-01,0,400,29.0,29,7.0,106.25,0.59,0.61,0.62,1
7048,2018-07-01,0,400,33.0,33,7.0,143.75,0.7,4.0,0.61,1
7048,2018-08-01,0,400,21.0,21,7.0,68.75,0.52,0.23,4.0,1
7048,2018-09-01,0,400,32.0,32,7.0,137.5,0.69,0.36,0.23,1
7048,2018-10-01,0,400,26.0,26,7.0,81.25,0.5,0.56,0.36,1
7049,2017-01-01,1,234,14.0,9,7.0,127.84,0.78,5.64,4.39,1
7049,2017-02-01,1,234,14.0,14,7.0,164.37,0.64,3.42,5.64,1
7049,2017-03-01,1,234,14.0,27,7.0,273.94,0.56,5.78,3.42,1
7049,2017-04-01,1,234,14.0,13,7.0,146.1,0.62,4.8,5.78,1
7049,2017-05-01,1,234,14.0,8,7.0,91.31,0.62,0.57,4.8,1
7049,2017-06-01,1,234,1.0,13,7.0,109.58,0.46,1.12,0.57,1
7049,2017-07-01,1,234,11.0,15,7.0,91.31,0.33,0.82,1.12,1
7049,2017-08-01,1,234,10.0,10,7.0,109.58,0.6,0.36,0.82,1
7049,2017-09-01,1,234,3.0,3,7.0,18.26,0.33,0.18,0.36,1
7049,2017-10-01,1,234,15.0,15,7.0,73.05,0.27,0.34,0.18,1
7049,2017-11-01,1,234,19.0,19,7.0,146.1,0.42,6.41,0.34,1
7049,2017-12-01,1,234,9.0,9,7.0,54.79,0.33,10.29,6.41,1
7049,2018-01-01,1,234,11.0,11,7.0,109.58,0.55,9.3,10.29,1
7049,2018-02-01,1,234,12.0,12,7.0,200.89,0.92,5.32,9.3,1
7049,2018-03-01,1,234,11.0,11,7.0,146.1,0.73,3.17,5.32,1
7049,2018-04-01,1,234,8.0,8,7.0,54.79,0.38,4.29,3.17,1
7049,2018-05-01,1,234,20.0,20,7.0,255.68,0.7,0.62,4.29,1
7049,2018-06-01,1,234,14.0,14,7.0,200.89,0.79,0.61,0.62,1
7049,2018-07-01,1,234,9.0,9,7.0,109.58,0.67,4.0,0.61,1
7049,2018-08-01,1,234,5.0,5,7.0,91.31,1.0,0.23,4.0,1
7049,2018-09-01,1,234,15.0,15,7.0,200.89,0.73,0.36,0.23,1
7049,2018-10-01,1,234,25.0,25,7.0,273.94,0.6,0.56,0.36,1
7050,2016-12-01,0,410,14.0,7,7.0,29.74,0.71,4.39,1.55,1
7050,2017-01-01,0,410,14.0,16,7.0,53.54,0.56,5.64,4.39,1
7050,2017-02-01,0,410,14.0,37,7.0,154.67,0.7,3.42,5.64,1
7050,2017-03-01,0,410,14.0,27,7.0,124.93,0.78,5.78,3.42,1
7050,2017-04-01,0,410,14.0,22,7.0,89.23,0.68,4.8,5.78,1
7050,2017-05-01,0,410,0.0,22,7.0,71.39,0.55,0.57,4.8,1
7050,2017-06-01,0,410,2.0,12,7.0,41.64,0.58,1.12,0.57,1
7050,2017-07-01,0,410,20.0,21,7.0,83.28,0.67,0.82,1.12,1
7050,2017-08-01,0,410,15.0,15,7.0,41.64,0.47,0.36,0.82,1
7050,2017-09-01,0,410,15.0,16,7.0,77.33,0.81,0.18,0.36,1
7050,2017-10-01,0,410,8.0,8,7.0,17.85,0.38,0.34,0.18,1
7050,2017-11-01,0,410,16.0,16,7.0,29.74,0.31,6.41,0.34,1
7050,2017-12-01,0,410,7.0,7,7.0,17.85,0.43,10.29,6.41,1
7050,2018-01-01,0,410,16.0,16,7.0,65.44,0.69,9.3,10.29,1
7050,2018-02-01,0,410,17.0,17,7.0,47.59,0.47,5.32,9.3,1
7050,2018-03-01,0,410,21.0,21,7.0,89.23,0.71,3.17,5.32,1
7050,2018-04-01,0,410,15.0,16,7.0,59.49,0.62,4.29,3.17,1
7050,2018-05-01,0,410,20.0,20,7.0,65.44,0.55,0.62,4.29,1
7050,2018-06-01,0,410,10.0,10,7.0,29.74,0.5,0.61,0.62,1
7050,2018-07-01,0,410,15.0,15,7.0,53.54,0.6,4.0,0.61,1
7050,2018-08-01,0,410,11.0,12,7.0,41.64,0.58,0.23,4.0,1
7050,2018-09-01,0,410,13.0,13,7.0,35.69,0.46,0.36,0.23,1
7050,2018-10-01,0,410,12.0,13,7.0,59.49,0.77,0.56,0.36,1
7051,2016-12-01,1,263,14.0,4,7.0,14.46,0.25,4.39,1.55,1
7051,2017-01-01,1,263,14.0,15,7.0,72.29,0.33,5.64,4.39,1
7051,2017-02-01,1,263,14.0,20,7.0,231.32,0.8,3.42,5.64,1
7051,2017-03-01,1,263,14.0,14,7.0,57.83,0.29,5.78,3.42,1
7051,2017-04-01,1,263,14.0,8,7.0,86.74,0.75,4.8,5.78,1
7051,2017-05-01,1,263,14.0,13,7.0,130.12,0.69,0.57,4.8,1
7051,2017-06-01,1,263,5.0,15,7.0,115.66,0.53,1.12,0.57,1
7051,2017-07-01,1,263,11.0,12,7.0,72.29,0.42,0.82,1.12,1
7051,2017-08-01,1,263,17.0,17,7.0,86.74,0.35,0.36,0.82,1
7051,2017-09-01,1,263,7.0,7,7.0,28.91,0.29,0.18,0.36,1
7051,2017-10-01,1,263,15.0,15,7.0,86.74,0.4,0.34,0.18,1
7051,2017-11-01,1,263,14.0,14,7.0,101.2,0.5,6.41,0.34,1
7051,2017-12-01,1,263,14.0,14,7.0,115.66,0.57,10.29,6.41,1
7051,2018-01-01,1,263,16.0,16,7.0,130.12,0.56,9.3,10.29,1
7051,2018-02-01,1,263,12.0,12,7.0,115.66,0.67,5.32,9.3,1
7051,2018-03-01,1,263,14.0,14,7.0,130.12,0.64,3.17,5.32,1
7051,2018-04-01,1,263,11.0,11,7.0,86.74,0.55,4.29,3.17,1
7051,2018-05-01,1,263,13.0,13,7.0,159.03,0.85,0.62,4.29,1
7051,2018-06-01,1,263,20.0,20,7.0,216.86,0.75,0.61,0.62,1
7051,2018-07-01,1,263,18.0,18,7.0,130.12,0.5,4.0,0.61,1
7051,2018-08-01,1,263,17.0,18,7.0,144.57,0.56,0.23,4.0,1
7051,2018-09-01,1,263,14.0,14,7.0,159.03,0.79,0.36,0.23,1
7051,2018-10-01,1,263,16.0,16,7.0,130.12,0.56,0.56,0.36,1
7052,2016-12-01,0,228,14.0,7,7.0,38.47,0.29,4.39,1.55,1
7052,2017-01-01,0,228,14.0,15,7.0,96.18,0.33,5.64,4.39,1
7052,2017-02-01,0,228,14.0,18,7.0,250.08,0.72,3.42,5.64,1
7052,2017-03-01,0,228,14.0,19,7.0,173.13,0.47,5.78,3.42,1
7052,2017-04-01,0,228,14.0,12,7.0,115.42,0.5,4.8,5.78,1
7052,2017-05-01,0,228,14.0,14,7.0,153.89,0.57,0.57,4.8,1
7052,2017-06-01,0,228,3.0,15,7.0,230.84,0.8,1.12,0.57,1
7052,2017-07-01,0,228,9.0,11,7.0,134.66,0.64,0.82,1.12,1
7052,2017-08-01,0,228,14.0,14,7.0,153.89,0.57,0.36,0.82,1
7052,2017-09-01,0,228,8.0,9,7.0,96.18,0.56,0.18,0.36,1
7052,2017-10-01,0,228,9.0,9,7.0,115.42,0.67,0.34,0.18,1
7052,2017-11-01,0,228,8.0,8,7.0,38.47,0.25,6.41,0.34,1
7052,2017-12-01,0,228,11.0,11,7.0,173.13,0.82,10.29,6.41,1
7052,2018-01-01,0,228,20.0,20,7.0,288.55,0.75,9.3,10.29,1
7052,2018-02-01,0,228,11.0,11,7.0,173.13,0.82,5.32,9.3,1
7052,2018-03-01,0,228,10.0,10,7.0,134.66,0.7,3.17,5.32,1
7052,2018-04-01,0,228,14.0,14,7.0,115.42,0.43,4.29,3.17,1
7052,2018-05-01,0,228,17.0,17,7.0,211.6,0.65,0.62,4.29,1
7052,2018-06-01,0,228,16.0,16,7.0,96.18,0.31,0.61,0.62,1
7052,2018-07-01,0,228,18.0,18,7.0,153.89,0.44,4.0,0.61,1
7052,2018-08-01,0,228,12.0,15,7.0,230.84,0.8,0.23,4.0,1
7052,2018-09-01,0,228,8.0,11,7.0,96.18,0.45,0.36,0.23,1
7052,2018-10-01,0,228,11.0,12,7.0,115.42,0.5,0.56,0.36,1
7053,2016-12-01,0,328,14.0,28,7.0,102.25,0.39,4.39,1.55,1
7053,2017-01-01,0,328,14.0,10,7.0,37.18,0.4,5.64,4.39,1
7053,2017-02-01,0,328,14.0,37,7.0,195.2,0.57,3.42,5.64,1
7053,2017-03-01,0,328,14.0,24,7.0,111.54,0.5,5.78,3.42,1
7053,2017-04-01,0,328,14.0,26,7.0,111.54,0.46,4.8,5.78,1
7053,2017-05-01,0,328,0.0,31,7.0,102.25,0.35,0.57,4.8,1
7053,2017-06-01,0,328,6.0,31,7.0,120.84,0.42,1.12,0.57,1
7053,2017-07-01,0,328,17.0,19,7.0,65.07,0.37,0.82,1.12,1
7053,2017-08-01,0,328,23.0,23,7.0,65.07,0.3,0.36,0.82,1
7053,2017-09-01,0,328,28.0,30,7.0,102.25,0.37,0.18,0.36,1
7053,2017-10-01,0,328,29.0,29,7.0,111.54,0.41,0.34,0.18,1
7053,2017-11-01,0,328,21.0,21,7.0,139.43,0.71,6.41,0.34,1
7053,2017-12-01,0,328,32.0,32,7.0,176.61,0.59,10.29,6.41,1
7053,2018-01-01,0,328,20.0,20,7.0,148.72,0.8,9.3,10.29,1
7053,2018-02-01,0,328,33.0,33,7.0,185.9,0.61,5.32,9.3,1
7053,2018-03-01,0,328,38.0,39,7.0,260.26,0.72,3.17,5.32,1
7053,2018-04-01,0,328,25.0,25,7.0,204.49,0.88,4.29,3.17,1
7053,2018-05-01,0,328,51.0,51,7.0,334.62,0.71,0.62,4.29,1
7053,2018-06-01,0,328,28.0,28,7.0,195.2,0.75,0.61,0.62,1
7053,2018-07-01,0,328,21.0,21,7.0,111.54,0.57,4.0,0.61,1
7053,2018-08-01,0,328,32.0,34,7.0,158.02,0.5,0.23,4.0,1
7053,2018-09-01,0,328,16.0,17,7.0,83.66,0.53,0.36,0.23,1
7053,2018-10-01,0,328,21.0,22,7.0,139.43,0.68,0.56,0.36,1
7054,2016-12-01,1,311,14.0,6,7.0,31.02,0.5,4.39,1.55,1
7054,2017-01-01,1,311,14.0,9,7.0,62.03,0.67,5.64,4.39,1
7054,2017-02-01,1,311,14.0,13,7.0,93.05,0.69,3.42,5.64,1
7054,2017-03-01,1,311,14.0,11,7.0,72.37,0.64,5.78,3.42,1
7054,2017-04-01,1,311,14.0,6,7.0,51.7,0.83,4.8,5.78,1
7054,2017-05-01,1,311,14.0,17,7.0,144.75,0.82,0.57,4.8,1
7054,2017-06-01,1,311,2.0,6,7.0,51.7,0.83,1.12,0.57,1
7054,2017-07-01,1,311,4.0,5,7.0,20.68,0.4,0.82,1.12,1
7054,2017-08-01,1,311,10.0,10,7.0,41.36,0.4,0.36,0.82,1
7054,2017-09-01,1,311,10.0,10,7.0,41.36,0.4,0.18,0.36,1
7054,2017-10-01,1,311,18.0,18,7.0,93.05,0.5,0.34,0.18,1
7054,2017-11-01,1,311,7.0,7,7.0,41.36,0.57,6.41,0.34,1
7054,2017-12-01,1,311,8.0,8,7.0,62.03,0.75,10.29,6.41,1
7054,2018-01-01,1,311,22.0,22,7.0,175.76,0.77,9.3,10.29,1
7054,2018-02-01,1,311,15.0,15,7.0,103.39,0.67,5.32,9.3,1
7054,2018-03-01,1,311,17.0,17,7.0,134.41,0.76,3.17,5.32,1
7054,2018-04-01,1,311,13.0,13,7.0,82.71,0.62,4.29,3.17,1
7054,2018-05-01,1,311,17.0,17,7.0,103.39,0.59,0.62,4.29,1
7054,2018-06-01,1,311,18.0,18,7.0,124.07,0.67,0.61,0.62,1
7054,2018-07-01,1,311,15.0,15,7.0,124.07,0.8,4.0,0.61,1
7054,2018-08-01,1,311,22.0,22,7.0,134.41,0.59,0.23,4.0,1
7054,2018-09-01,1,311,16.0,20,7.0,144.75,0.7,0.36,0.23,1
7054,2018-10-01,1,311,14.0,17,7.0,134.41,0.76,0.56,0.36,1
7055,2016-12-01,1,280,14.0,17,7.0,153.06,0.71,4.39,1.55,1
7055,2017-01-01,1,280,14.0,20,7.0,165.82,0.65,5.64,4.39,1
7055,2017-02-01,1,280,14.0,22,7.0,165.82,0.59,3.42,5.64,1
7055,2017-03-01,1,280,14.0,27,7.0,216.84,0.63,5.78,3.42,1
7055,2017-04-01,1,280,14.0,14,7.0,89.29,0.5,4.8,5.78,1
7055,2017-05-01,1,280,14.0,23,7.0,165.82,0.57,0.57,4.8,1
7055,2017-06-01,1,280,2.0,20,7.0,76.53,0.3,1.12,0.57,1
7055,2017-07-01,1,280,18.0,20,7.0,89.29,0.35,0.82,1.12,1
7055,2017-08-01,1,280,32.0,32,7.0,204.08,0.5,0.36,0.82,1
7055,2017-09-01,1,280,17.0,17,7.0,102.04,0.47,0.18,0.36,1
7055,2017-10-01,1,280,22.0,22,7.0,165.82,0.59,0.34,0.18,1
7055,2017-11-01,1,280,11.0,11,7.0,102.04,0.73,6.41,0.34,1
7055,2017-12-01,1,280,22.0,22,7.0,204.08,0.73,10.29,6.41,1
7055,2018-01-01,1,280,18.0,18,7.0,140.31,0.61,9.3,10.29,1
7055,2018-02-01,1,280,13.0,14,7.0,140.31,0.79,5.32,9.3,1
7055,2018-03-01,1,280,23.0,23,7.0,178.57,0.61,3.17,5.32,1
7055,2018-04-01,1,280,18.0,18,7.0,165.82,0.72,4.29,3.17,1
7055,2018-05-01,1,280,32.0,32,7.0,280.61,0.69,0.62,4.29,1
7055,2018-06-01,1,280,24.0,25,7.0,229.59,0.72,0.61,0.62,1
7055,2018-07-01,1,280,20.0,20,7.0,191.33,0.75,4.0,0.61,1
7055,2018-08-01,1,280,16.0,16,7.0,165.82,0.81,0.23,4.0,1
7055,2018-09-01,1,280,20.0,21,7.0,204.08,0.76,0.36,0.23,1
7055,2018-10-01,1,280,18.0,18,7.0,165.82,0.72,0.56,0.36,1
7056,2016-12-01,0,439,0.0,23,6.8,67.46,0.57,4.39,1.55,0
7056,2017-01-01,0,439,0.0,45,6.8,150.48,0.64,5.64,4.39,0
7056,2017-02-01,0,439,0.0,30,6.8,88.21,0.57,3.42,5.64,0
7056,2017-03-01,0,439,0.0,50,6.8,171.23,0.66,5.78,3.42,0
7056,2017-04-01,0,439,0.0,36,6.8,103.78,0.56,4.8,5.78,0
7056,2017-05-01,0,439,14.0,26,6.8,83.02,0.62,0.57,4.8,0
7056,2017-06-01,0,439,6.0,13,6.8,36.32,0.54,1.12,0.57,0
7056,2017-07-01,0,439,32.0,38,6.8,62.27,0.32,0.82,1.12,0
7056,2017-08-01,0,439,24.0,29,6.8,67.46,0.45,0.36,0.82,0
7056,2017-09-01,0,439,16.0,24,6.8,57.08,0.46,0.18,0.36,0
7056,2017-10-01,0,439,6.0,13,6.8,51.89,0.77,0.34,0.18,0
7056,2017-11-01,0,439,6.0,9,6.8,25.94,0.56,6.41,0.34,0
7056,2017-12-01,0,439,3.0,8,6.8,10.38,0.25,10.29,6.41,0
7056,2018-01-01,0,439,37.0,45,6.8,103.78,0.44,9.3,10.29,0
7056,2018-02-01,0,439,21.0,40,6.8,108.97,0.52,5.32,9.3,0
7056,2018-03-01,0,439,17.0,43,6.8,145.29,0.65,3.17,5.32,0
7056,2018-04-01,0,439,15.0,59,6.8,176.42,0.58,4.29,3.17,0
7056,2018-05-01,0,439,23.0,45,6.8,145.29,0.62,0.62,4.29,0
7056,2018-06-01,0,439,11.0,31,6.8,108.97,0.68,0.61,0.62,0
7056,2018-07-01,0,439,14.0,50,6.8,119.34,0.46,4.0,0.61,0
7056,2018-08-01,0,439,13.0,26,6.8,46.7,0.35,0.23,4.0,0
7056,2018-09-01,0,439,11.0,29,6.8,98.59,0.66,0.36,0.23,0
7056,2018-10-01,0,439,19.0,27,6.8,67.46,0.48,0.56,0.36,0
7057,2016-12-01,0,996,0.0,42,9.6,9.07,0.21,4.39,1.55,0
7057,2017-01-01,0,996,1.0,87,9.6,47.38,0.54,5.64,4.39,0
7057,2017-02-01,0,996,4.0,114,9.6,69.56,0.61,3.42,5.64,0
7057,2017-03-01,0,996,0.0,71,9.6,46.37,0.65,5.78,3.42,0
7057,2017-04-01,0,996,0.0,62,9.6,42.34,0.68,4.8,5.78,0
7057,2017-05-01,0,996,14.0,65,9.6,43.35,0.66,0.57,4.8,0
7057,2017-06-01,0,996,21.0,65,9.6,38.31,0.58,1.12,0.57,0
7057,2017-07-01,0,996,69.0,76,9.6,37.3,0.49,0.82,1.12,0
7057,2017-08-01,0,996,55.0,59,9.6,25.2,0.42,0.36,0.82,0
7057,2017-09-01,0,996,64.0,73,9.6,24.19,0.33,0.18,0.36,0
7057,2017-10-01,0,996,53.0,61,9.6,21.17,0.34,0.34,0.18,0
7057,2017-11-01,0,996,34.0,41,9.6,15.12,0.37,6.41,0.34,0
7057,2017-12-01,0,996,44.0,46,9.6,15.12,0.33,10.29,6.41,0
7057,2018-01-01,0,996,65.0,77,9.6,33.27,0.43,9.3,10.29,0
7057,2018-02-01,0,996,76.0,82,9.6,30.24,0.37,5.32,9.3,0
7057,2018-03-01,0,996,77.0,107,9.6,49.39,0.46,3.17,5.32,0
7057,2018-04-01,0,996,38.0,58,9.6,33.27,0.57,4.29,3.17,0
7057,2018-05-01,0,996,79.0,110,9.6,50.4,0.45,0.62,4.29,0
7057,2018-06-01,0,996,51.0,97,9.6,43.35,0.44,0.61,0.62,0
7057,2018-07-01,0,996,48.0,79,9.6,34.27,0.43,4.0,0.61,0
7057,2018-08-01,0,996,26.0,52,9.6,16.13,0.31,0.23,4.0,0
7057,2018-09-01,0,996,41.0,52,9.6,20.16,0.38,0.36,0.23,0
7057,2018-10-01,0,996,39.0,47,9.6,27.22,0.57,0.56,0.36,0
7058,2016-12-01,0,539,14.0,4,9.1,0.0,0.0,4.39,1.55,0
7058,2017-01-01,0,539,0.0,22,9.1,37.86,0.5,5.64,4.39,0
7058,2017-02-01,0,539,0.0,10,9.1,17.21,0.5,3.42,5.64,0
7058,2017-03-01,0,539,0.0,29,9.1,55.07,0.55,5.78,3.42,0
7058,2017-04-01,0,539,14.0,12,9.1,30.98,0.75,4.8,5.78,0
7058,2017-05-01,0,539,14.0,17,9.1,20.65,0.35,0.57,4.8,0
7058,2017-06-01,0,539,1.0,2,9.1,0.0,0.0,1.12,0.57,0
7058,2017-07-01,0,539,11.0,13,9.1,17.21,0.38,0.82,1.12,0
7058,2017-08-01,0,539,14.0,15,9.1,20.65,0.4,0.36,0.82,0
7058,2017-09-01,0,539,13.0,24,9.1,30.98,0.38,0.18,0.36,0
7058,2017-10-01,0,539,12.0,17,9.1,27.54,0.47,0.34,0.18,0
7058,2017-11-01,0,539,6.0,11,9.1,24.09,0.64,6.41,0.34,0
7058,2017-12-01,0,539,4.0,6,9.1,13.77,0.67,10.29,6.41,0
7058,2018-01-01,0,539,21.0,29,9.1,34.42,0.34,9.3,10.29,0
7058,2018-02-01,0,539,24.0,36,9.1,58.52,0.47,5.32,9.3,0
7058,2018-03-01,0,539,20.0,31,9.1,55.07,0.52,3.17,5.32,0
7058,2018-04-01,0,539,10.0,27,9.1,72.28,0.78,4.29,3.17,0
7058,2018-05-01,0,539,10.0,29,9.1,65.4,0.66,0.62,4.29,0
7058,2018-06-01,0,539,14.0,54,9.1,96.38,0.52,0.61,0.62,0
7058,2018-07-01,0,539,18.0,43,9.1,55.07,0.37,4.0,0.61,0
7058,2018-08-01,0,539,18.0,30,9.1,34.42,0.33,0.23,4.0,0
7058,2018-09-01,0,539,16.0,23,9.1,48.19,0.61,0.36,0.23,0
7058,2018-10-01,0,539,13.0,15,9.1,17.21,0.33,0.56,0.36,0
7059,2016-12-01,0,463,0.0,4,7.0,18.66,1.0,4.39,1.55,1
7059,2017-01-01,0,463,0.0,1,7.0,0.0,0.0,5.64,4.39,1
7059,2017-02-01,0,463,0.0,5,7.0,13.99,0.6,3.42,5.64,1
7059,2017-03-01,0,463,0.0,10,7.0,41.98,0.9,5.78,3.42,1
7059,2017-04-01,0,463,0.0,1,7.0,4.66,1.0,4.8,5.78,1
7059,2017-07-01,0,463,3.0,3,7.0,0.0,0.0,0.82,4.8,1
7059,2017-08-01,0,463,2.0,2,7.0,0.0,0.0,0.36,0.82,1
7059,2017-09-01,0,463,1.0,3,7.0,4.66,0.33,0.18,0.36,1
7059,2017-10-01,0,463,0.0,1,7.0,4.66,1.0,0.34,0.18,1
7059,2017-11-01,0,463,2.0,2,7.0,0.0,0.0,6.41,0.34,1
7059,2018-01-01,0,463,1.0,3,7.0,9.33,0.67,9.3,6.41,1
7059,2018-02-01,0,463,2.0,2,7.0,4.66,0.5,5.32,9.3,1
7059,2018-03-01,0,463,1.0,2,7.0,4.66,0.5,3.17,5.32,1
7059,2018-04-01,0,463,0.0,21,7.0,74.64,0.76,4.29,3.17,1
7059,2018-05-01,0,463,2.0,12,7.0,37.32,0.67,0.62,4.29,1
7059,2018-06-01,0,463,1.0,10,7.0,27.99,0.6,0.61,0.62,1
7059,2018-07-01,0,463,2.0,3,7.0,0.0,0.0,4.0,0.61,1
7059,2018-08-01,0,463,1.0,18,7.0,51.31,0.61,0.23,4.0,1
7059,2018-09-01,0,463,5.0,5,7.0,4.66,0.2,0.36,0.23,1
7059,2018-10-01,0,463,1.0,3,7.0,0.0,0.0,0.56,0.36,1
7060,2016-12-01,0,1072,14.0,21,10.3,6.96,0.38,4.39,1.55,0
7060,2017-01-01,0,1072,0.0,64,10.3,30.46,0.55,5.64,4.39,0
7060,2017-02-01,0,1072,5.0,43,10.3,14.79,0.4,3.42,5.64,0
7060,2017-03-01,0,1072,14.0,46,10.3,16.53,0.41,5.78,3.42,0
7060,2017-04-01,0,1072,14.0,32,10.3,16.53,0.59,4.8,5.78,0
7060,2017-05-01,0,1072,14.0,49,10.3,25.24,0.59,0.57,4.8,0
7060,2017-06-01,0,1072,4.0,36,10.3,14.79,0.47,1.12,0.57,0
7060,2017-07-01,0,1072,44.0,44,10.3,15.66,0.41,0.82,1.12,0
7060,2017-08-01,0,1072,31.0,32,10.3,15.66,0.56,0.36,0.82,0
7060,2017-09-01,0,1072,17.0,22,10.3,9.57,0.5,0.18,0.36,0
7060,2017-10-01,0,1072,12.0,17,10.3,3.48,0.24,0.34,0.18,0
7060,2017-11-01,0,1072,14.0,17,10.3,2.61,0.18,6.41,0.34,0
7060,2017-12-01,0,1072,4.0,5,10.3,1.74,0.4,10.29,6.41,0
7060,2018-01-01,0,1072,13.0,19,10.3,7.83,0.47,9.3,10.29,0
7060,2018-02-01,0,1072,6.0,16,10.3,10.44,0.75,5.32,9.3,0
7060,2018-03-01,0,1072,8.0,25,10.3,11.31,0.52,3.17,5.32,0
7060,2018-04-01,0,1072,2.0,36,10.3,20.88,0.67,4.29,3.17,0
7060,2018-05-01,0,1072,4.0,24,10.3,11.31,0.54,0.62,4.29,0
7060,2018-06-01,0,1072,4.0,13,10.3,6.09,0.54,0.61,0.62,0
7060,2018-07-01,0,1072,10.0,37,10.3,20.88,0.65,4.0,0.61,0
7060,2018-08-01,0,1072,4.0,28,10.3,13.92,0.57,0.23,4.0,0
7060,2018-09-01,0,1072,8.0,11,10.3,6.09,0.64,0.36,0.23,0
7060,2018-10-01,0,1072,17.0,20,10.3,6.09,0.35,0.56,0.36,0
7061,2016-12-01,1,319,0.0,26,7.0,98.27,0.38,4.39,1.55,1
7061,2017-01-01,1,319,0.0,50,7.0,235.85,0.48,5.64,4.39,1
7061,2017-02-01,1,319,1.0,47,7.0,334.12,0.72,3.42,5.64,1
7061,2017-03-01,1,319,0.0,33,7.0,235.85,0.73,5.78,3.42,1
7061,2017-04-01,1,319,14.0,24,7.0,176.89,0.75,4.8,5.78,1
7061,2017-05-01,1,319,14.0,23,7.0,147.4,0.65,0.57,4.8,1
7061,2017-06-01,1,319,2.0,24,7.0,147.4,0.62,1.12,0.57,1
7061,2017-07-01,1,319,25.0,26,7.0,157.23,0.62,0.82,1.12,1
7061,2017-08-01,1,319,36.0,36,7.0,88.44,0.25,0.36,0.82,1
7061,2017-09-01,1,319,19.0,36,7.0,216.19,0.61,0.18,0.36,1
7061,2017-10-01,1,319,15.0,58,7.0,284.98,0.5,0.34,0.18,1
7061,2017-11-01,1,319,12.0,12,7.0,19.65,0.17,6.41,0.34,1
7061,2017-12-01,1,319,14.0,20,7.0,78.62,0.4,10.29,6.41,1
7061,2018-01-01,1,319,26.0,35,7.0,157.23,0.46,9.3,10.29,1
7061,2018-02-01,1,319,28.0,34,7.0,186.71,0.56,5.32,9.3,1
7061,2018-03-01,1,319,13.0,13,7.0,88.44,0.69,3.17,5.32,1
7061,2018-04-01,1,319,19.0,34,7.0,216.19,0.65,4.29,3.17,1
7061,2018-05-01,1,319,39.0,59,7.0,275.15,0.47,0.62,4.29,1
7061,2018-06-01,1,319,21.0,34,7.0,167.06,0.5,0.61,0.62,1
7061,2018-07-01,1,319,12.0,21,7.0,98.27,0.48,4.0,0.61,1
7061,2018-08-01,1,319,14.0,38,7.0,147.4,0.39,0.23,4.0,1
7061,2018-09-01,1,319,28.0,46,7.0,206.37,0.46,0.36,0.23,1
7061,2018-10-01,1,319,32.0,35,7.0,147.4,0.43,0.56,0.36,1
7062,2016-12-01,0,421,14.0,6,7.0,28.21,0.83,4.39,1.55,1
7062,2017-01-01,0,421,0.0,37,7.0,84.63,0.41,5.64,4.39,1
7062,2017-02-01,0,421,5.0,36,7.0,112.84,0.56,3.42,5.64,1
7062,2017-03-01,0,421,14.0,37,7.0,73.35,0.35,5.78,3.42,1
7062,2017-04-01,0,421,14.0,15,7.0,73.35,0.87,4.8,5.78,1
7062,2017-05-01,0,421,14.0,11,7.0,28.21,0.45,0.57,4.8,1
7062,2017-06-01,0,421,14.0,12,7.0,45.14,0.67,1.12,0.57,1
7062,2017-07-01,0,421,21.0,21,7.0,78.99,0.67,0.82,1.12,1
7062,2017-08-01,0,421,22.0,22,7.0,73.35,0.59,0.36,0.82,1
7062,2017-09-01,0,421,18.0,42,7.0,141.05,0.6,0.18,0.36,1
7062,2017-10-01,0,421,6.0,39,7.0,141.05,0.64,0.34,0.18,1
7062,2017-11-01,0,421,14.0,15,7.0,45.14,0.53,6.41,0.34,1
7062,2017-12-01,0,421,9.0,14,7.0,50.78,0.64,10.29,6.41,1
7062,2018-01-01,0,421,29.0,35,7.0,62.06,0.31,9.3,10.29,1
7062,2018-02-01,0,421,31.0,40,7.0,118.48,0.52,5.32,9.3,1
7062,2018-03-01,0,421,13.0,16,7.0,39.49,0.44,3.17,5.32,1
7062,2018-04-01,0,421,9.0,21,7.0,73.35,0.62,4.29,3.17,1
7062,2018-05-01,0,421,18.0,33,7.0,129.77,0.7,0.62,4.29,1
7062,2018-06-01,0,421,15.0,28,7.0,67.7,0.43,0.61,0.62,1
7062,2018-07-01,0,421,6.0,11,7.0,16.93,0.27,4.0,0.61,1
7062,2018-08-01,0,421,8.0,13,7.0,22.57,0.31,0.23,4.0,1
7062,2018-09-01,0,421,3.0,13,7.0,50.78,0.69,0.36,0.23,1
7062,2018-10-01,0,421,14.0,14,7.0,33.85,0.43,0.56,0.36,1
7063,2016-12-01,0,742,14.0,14,11.7,3.63,0.14,4.39,1.55,0
7063,2017-01-01,0,742,1.0,60,11.7,47.22,0.43,5.64,4.39,0
7063,2017-02-01,0,742,7.0,56,11.7,58.12,0.57,3.42,5.64,0
7063,2017-03-01,0,742,14.0,57,11.7,58.12,0.56,5.78,3.42,0
7063,2017-04-01,0,742,14.0,20,11.7,23.61,0.65,4.8,5.78,0
7063,2017-05-01,0,742,14.0,29,11.7,36.33,0.69,0.57,4.8,0
7063,2017-06-01,0,742,2.0,31,11.7,38.14,0.68,1.12,0.57,0
7063,2017-07-01,0,742,35.0,35,11.7,34.51,0.54,0.82,1.12,0
7063,2017-08-01,0,742,43.0,43,11.7,34.51,0.44,0.36,0.82,0
7063,2017-09-01,0,742,22.0,47,11.7,43.59,0.51,0.18,0.36,0
7063,2017-10-01,0,742,16.0,77,11.7,50.86,0.36,0.34,0.18,0
7063,2017-11-01,0,742,19.0,19,11.7,10.9,0.32,6.41,0.34,0
7063,2017-12-01,0,742,16.0,23,11.7,23.61,0.57,10.29,6.41,0
7063,2018-01-01,0,742,26.0,31,11.7,34.51,0.61,9.3,10.29,0
7063,2018-02-01,0,742,44.0,63,11.7,74.47,0.65,5.32,9.3,0
7063,2018-03-01,0,742,27.0,53,11.7,67.2,0.7,3.17,5.32,0
7063,2018-04-01,0,742,23.0,61,11.7,59.94,0.54,4.29,3.17,0
7063,2018-05-01,0,742,27.0,52,11.7,50.86,0.54,0.62,4.29,0
7063,2018-06-01,0,742,24.0,40,11.7,38.14,0.52,0.61,0.62,0
7063,2018-07-01,0,742,31.0,45,11.7,45.41,0.56,4.0,0.61,0
7063,2018-08-01,0,742,12.0,31,11.7,34.51,0.61,0.23,4.0,0
7063,2018-09-01,0,742,23.0,37,11.7,30.88,0.46,0.36,0.23,0
7063,2018-10-01,0,742,28.0,47,11.7,43.59,0.51,0.56,0.36,0
7064,2017-08-01,0,47,1.0,1,7.0,452.69,1.0,0.36,0.82,1
7065,2016-12-01,1,403,14.0,24,1.1,73.89,0.5,4.39,1.55,0
7065,2017-01-01,1,403,14.0,47,1.1,104.67,0.36,5.64,4.39,0
7065,2017-02-01,1,403,3.0,23,1.1,86.2,0.61,3.42,5.64,0
7065,2017-03-01,1,403,14.0,29,1.1,49.26,0.28,5.78,3.42,0
7065,2017-04-01,1,403,14.0,29,1.1,49.26,0.28,4.8,5.78,0
7065,2017-05-01,1,403,14.0,24,1.1,98.52,0.67,0.57,4.8,0
7065,2017-06-01,1,403,14.0,33,1.1,92.36,0.45,1.12,0.57,0
7065,2017-07-01,1,403,32.0,32,1.1,104.67,0.53,0.82,1.12,0
7065,2017-08-01,1,403,30.0,30,1.1,86.2,0.47,0.36,0.82,0
7065,2017-09-01,1,403,35.0,35,1.1,104.67,0.49,0.18,0.36,0
7065,2017-10-01,1,403,34.0,34,1.1,86.2,0.41,0.34,0.18,0
7065,2017-11-01,1,403,21.0,21,1.1,49.26,0.38,6.41,0.34,0
7065,2017-12-01,1,403,17.0,17,1.1,30.79,0.29,10.29,6.41,0
7065,2018-01-01,1,403,50.0,50,1.1,147.78,0.48,9.3,10.29,0
7065,2018-02-01,1,403,33.0,33,1.1,80.04,0.39,5.32,9.3,0
7065,2018-03-01,1,403,67.0,67,1.1,73.89,0.18,3.17,5.32,0
7065,2018-04-01,1,403,49.0,49,1.1,147.78,0.49,4.29,3.17,0
7065,2018-05-01,1,403,31.0,31,1.1,80.04,0.42,0.62,4.29,0
7065,2018-06-01,1,403,31.0,31,1.1,73.89,0.39,0.61,0.62,0
7065,2018-07-01,1,403,22.0,22,1.1,43.1,0.32,4.0,0.61,0
7065,2018-08-01,1,403,23.0,23,1.1,30.79,0.22,0.23,4.0,0
7065,2018-09-01,1,403,67.0,67,1.1,227.82,0.55,0.36,0.23,0
7065,2018-10-01,1,403,62.0,62,1.1,178.56,0.47,0.56,0.36,0
7066,2016-12-01,1,803,14.0,63,0.2,40.32,0.41,4.39,1.55,0
7066,2017-01-01,1,803,1.0,146,0.2,116.31,0.51,5.64,4.39,0
7066,2017-02-01,1,803,27.0,128,0.2,97.7,0.49,3.42,5.64,0
7066,2017-03-01,1,803,14.0,119,0.2,82.19,0.45,5.78,3.42,0
7066,2017-04-01,1,803,14.0,84,0.2,80.64,0.62,4.8,5.78,0
7066,2017-05-01,1,803,14.0,98,0.2,93.05,0.61,0.57,4.8,0
7066,2017-06-01,1,803,2.0,77,0.2,82.19,0.69,1.12,0.57,0
7066,2017-07-01,1,803,137.0,137,0.2,127.17,0.6,0.82,1.12,0
7066,2017-08-01,1,803,154.0,154,0.2,122.52,0.51,0.36,0.82,0
7066,2017-09-01,1,803,119.0,119,0.2,82.19,0.45,0.18,0.36,0
7066,2017-10-01,1,803,124.0,124,0.2,91.5,0.48,0.34,0.18,0
7066,2017-11-01,1,803,108.0,108,0.2,72.89,0.44,6.41,0.34,0
7066,2017-12-01,1,803,81.0,81,0.2,62.03,0.49,10.29,6.41,0
7066,2018-01-01,1,803,110.0,110,0.2,89.95,0.53,9.3,10.29,0
7066,2018-02-01,1,803,102.0,102,0.2,65.14,0.41,5.32,9.3,0
7066,2018-03-01,1,803,203.0,203,0.2,120.97,0.38,3.17,5.32,0
7066,2018-04-01,1,803,123.0,123,0.2,85.3,0.45,4.29,3.17,0
7066,2018-05-01,1,803,101.0,101,0.2,82.19,0.52,0.62,4.29,0
7066,2018-06-01,1,803,92.0,92,0.2,51.18,0.36,0.61,0.62,0
7066,2018-07-01,1,803,79.0,83,0.2,55.83,0.43,4.0,0.61,0
7066,2018-08-01,1,803,71.0,71,0.2,46.53,0.42,0.23,4.0,0
7066,2018-09-01,1,803,94.0,94,0.2,69.79,0.48,0.36,0.23,0
7066,2018-10-01,1,803,121.0,121,0.2,82.19,0.44,0.56,0.36,0
7068,2016-12-01,1,308,14.0,23,3.6,84.33,0.35,4.39,1.55,0
7068,2017-01-01,1,308,14.0,65,3.6,347.87,0.51,5.64,4.39,0
7068,2017-02-01,1,308,5.0,51,3.6,263.54,0.49,3.42,5.64,0
7068,2017-03-01,1,308,14.0,38,3.6,168.66,0.42,5.78,3.42,0
7068,2017-04-01,1,308,14.0,25,3.6,137.04,0.52,4.8,5.78,0
7068,2017-05-01,1,308,14.0,27,3.6,231.91,0.81,0.57,4.8,0
7068,2017-06-01,1,308,1.0,31,3.6,189.75,0.58,1.12,0.57,0
7068,2017-07-01,1,308,30.0,30,3.6,179.2,0.57,0.82,1.12,0
7068,2017-08-01,1,308,49.0,49,3.6,231.91,0.45,0.36,0.82,0
7068,2017-09-01,1,308,50.0,50,3.6,210.83,0.4,0.18,0.36,0
7068,2017-10-01,1,308,45.0,45,3.6,158.12,0.33,0.34,0.18,0
7068,2017-11-01,1,308,32.0,32,3.6,126.5,0.38,6.41,0.34,0
7068,2017-12-01,1,308,37.0,37,3.6,126.5,0.32,10.29,6.41,0
7068,2018-01-01,1,308,49.0,49,3.6,263.54,0.51,9.3,10.29,0
7068,2018-02-01,1,308,26.0,26,3.6,115.96,0.42,5.32,9.3,0
7068,2018-03-01,1,308,54.0,54,3.6,231.91,0.41,3.17,5.32,0
7068,2018-04-01,1,308,53.0,53,3.6,179.2,0.32,4.29,3.17,0
7068,2018-05-01,1,308,25.0,25,3.6,115.96,0.44,0.62,4.29,0
7068,2018-06-01,1,308,32.0,32,3.6,126.5,0.38,0.61,0.62,0
7068,2018-07-01,1,308,30.0,30,3.6,94.87,0.3,4.0,0.61,0
7068,2018-08-01,1,308,29.0,30,3.6,84.33,0.27,0.23,4.0,0
7068,2018-09-01,1,308,31.0,31,3.6,94.87,0.29,0.36,0.23,0
7068,2018-10-01,1,308,40.0,40,3.6,158.12,0.38,0.56,0.36,0
7069,2016-12-01,1,1267,0.0,46,7.3,10.59,0.37,4.39,1.55,0
7069,2017-01-01,1,1267,2.0,143,7.3,42.98,0.48,5.64,4.39,0
7069,2017-02-01,1,1267,33.0,145,7.3,42.36,0.47,3.42,5.64,0
7069,2017-03-01,1,1267,0.0,98,7.3,29.9,0.49,5.78,3.42,0
7069,2017-04-01,1,1267,0.0,97,7.3,27.41,0.45,4.8,5.78,0
7069,2017-05-01,1,1267,14.0,64,7.3,15.57,0.39,0.57,4.8,0
7069,2017-06-01,1,1267,0.0,75,7.3,28.03,0.6,1.12,0.57,0
7069,2017-07-01,1,1267,110.0,113,7.3,36.13,0.51,0.82,1.12,0
7069,2017-08-01,1,1267,115.0,129,7.3,38.62,0.48,0.36,0.82,0
7069,2017-09-01,1,1267,83.0,99,7.3,31.77,0.52,0.18,0.36,0
7069,2017-10-01,1,1267,98.0,103,7.3,29.28,0.46,0.34,0.18,0
7069,2017-11-01,1,1267,90.0,96,7.3,19.31,0.32,6.41,0.34,0
7069,2017-12-01,1,1267,71.0,74,7.3,21.18,0.46,10.29,6.41,0
7069,2018-01-01,1,1267,148.0,163,7.3,54.82,0.54,9.3,10.29,0
7069,2018-02-01,1,1267,158.0,170,7.3,44.23,0.42,5.32,9.3,0
7069,2018-03-01,1,1267,132.0,158,7.3,53.57,0.54,3.17,5.32,0
7069,2018-04-01,1,1267,124.0,137,7.3,44.85,0.53,4.29,3.17,0
7069,2018-05-01,1,1267,90.0,102,7.3,32.39,0.51,0.62,4.29,0
7069,2018-06-01,1,1267,88.0,103,7.3,33.64,0.52,0.61,0.62,0
7069,2018-07-01,1,1267,92.0,101,7.3,29.28,0.47,4.0,0.61,0
7069,2018-08-01,1,1267,68.0,74,7.3,23.05,0.5,0.23,4.0,0
7069,2018-09-01,1,1267,104.0,119,7.3,36.13,0.49,0.36,0.23,0
7069,2018-10-01,1,1267,104.0,120,7.3,39.25,0.52,0.56,0.36,0
7070,2016-12-01,0,777,14.0,4,10.1,0.0,0.0,4.39,1.55,0
7070,2017-02-01,0,777,6.0,6,10.1,4.97,0.5,3.42,5.64,0
7070,2017-03-01,0,777,4.0,4,10.1,4.97,0.75,5.78,3.42,0
7070,2017-07-01,0,777,14.0,14,10.1,8.28,0.36,0.82,5.78,0
7070,2017-08-01,0,777,11.0,11,10.1,13.25,0.73,0.36,0.82,0
7070,2017-09-01,0,777,4.0,7,10.1,4.97,0.43,0.18,0.36,0
7070,2017-10-01,0,777,4.0,8,10.1,3.31,0.25,0.34,0.18,0
7070,2017-11-01,0,777,12.0,31,10.1,26.5,0.52,6.41,0.34,0
7070,2017-12-01,0,777,13.0,19,10.1,21.53,0.68,10.29,6.41,0
7070,2018-01-01,0,777,47.0,65,10.1,76.19,0.71,9.3,10.29,0
7070,2018-02-01,0,777,34.0,66,10.1,67.91,0.62,5.32,9.3,0
7070,2018-03-01,0,777,29.0,82,10.1,101.04,0.74,3.17,5.32,0
7070,2018-04-01,0,777,28.0,59,10.1,61.29,0.63,4.29,3.17,0
7070,2018-05-01,0,777,33.0,83,10.1,96.07,0.7,0.62,4.29,0
7070,2018-06-01,0,777,16.0,72,10.1,76.19,0.64,0.61,0.62,0
7070,2018-07-01,0,777,26.0,80,10.1,74.54,0.56,4.0,0.61,0
7070,2018-08-01,0,777,46.0,87,10.1,87.79,0.61,0.23,4.0,0
7070,2018-09-01,0,777,44.0,91,10.1,86.13,0.57,0.36,0.23,0
7070,2018-10-01,0,777,36.0,68,10.1,66.25,0.59,0.56,0.36,0
7072,2016-12-01,1,1096,0.0,55,9.5,19.15,0.42,4.39,1.55,0
7072,2017-01-01,1,1096,0.0,164,9.5,68.26,0.5,5.64,4.39,0
7072,2017-02-01,1,1096,5.0,97,9.5,49.12,0.61,3.42,5.64,0
7072,2017-03-01,1,1096,0.0,133,9.5,50.78,0.46,5.78,3.42,0
7072,2017-04-01,1,1096,0.0,65,9.5,29.97,0.55,4.8,5.78,0
7072,2017-05-01,1,1096,14.0,89,9.5,51.61,0.7,0.57,4.8,0
7072,2017-06-01,1,1096,0.0,89,9.5,50.78,0.69,1.12,0.57,0
7072,2017-07-01,1,1096,44.0,71,9.5,36.63,0.62,0.82,1.12,0
7072,2017-08-01,1,1096,89.0,138,9.5,72.43,0.63,0.36,0.82,0
7072,2017-09-01,1,1096,53.0,96,9.5,49.95,0.62,0.18,0.36,0
7072,2017-10-01,1,1096,34.0,73,9.5,29.14,0.48,0.34,0.18,0
7072,2017-11-01,1,1096,34.0,42,9.5,18.31,0.52,6.41,0.34,0
7072,2017-12-01,1,1096,43.0,45,9.5,20.81,0.56,10.29,6.41,0
7072,2018-01-01,1,1096,76.0,84,9.5,46.62,0.67,9.3,10.29,0
7072,2018-02-01,1,1096,44.0,68,9.5,32.47,0.57,5.32,9.3,0
7072,2018-03-01,1,1096,61.0,86,9.5,36.63,0.51,3.17,5.32,0
7072,2018-04-01,1,1096,40.0,70,9.5,29.14,0.5,4.29,3.17,0
7072,2018-05-01,1,1096,34.0,56,9.5,20.81,0.45,0.62,4.29,0
7072,2018-06-01,1,1096,41.0,59,9.5,25.81,0.53,0.61,0.62,0
7072,2018-07-01,1,1096,30.0,51,9.5,19.15,0.45,4.0,0.61,0
7072,2018-08-01,1,1096,21.0,43,9.5,22.48,0.63,0.23,4.0,0
7072,2018-09-01,1,1096,32.0,59,9.5,27.47,0.56,0.36,0.23,0
7072,2018-10-01,1,1096,30.0,45,9.5,22.48,0.6,0.56,0.36,0
7073,2016-12-01,0,758,0.0,5,16.1,6.96,0.8,4.39,1.55,0
7073,2017-01-01,0,758,0.0,19,16.1,17.4,0.53,5.64,4.39,0
7073,2017-02-01,0,758,6.0,25,16.1,33.07,0.76,3.42,5.64,0
7073,2017-03-01,0,758,1.0,38,16.1,27.85,0.42,5.78,3.42,0
7073,2017-04-01,0,758,0.0,12,16.1,13.92,0.67,4.8,5.78,0
7073,2017-05-01,0,758,14.0,21,16.1,20.89,0.57,0.57,4.8,0
7073,2017-06-01,0,758,0.0,26,16.1,31.33,0.69,1.12,0.57,0
7073,2017-07-01,0,758,22.0,25,16.1,31.33,0.72,0.82,1.12,0
7073,2017-08-01,0,758,32.0,34,16.1,38.29,0.65,0.36,0.82,0
7073,2017-09-01,0,758,23.0,39,16.1,53.95,0.79,0.18,0.36,0
7073,2017-10-01,0,758,10.0,26,16.1,36.55,0.81,0.34,0.18,0
7073,2017-11-01,0,758,9.0,17,16.1,13.92,0.47,6.41,0.34,0
7073,2017-12-01,0,758,8.0,8,16.1,8.7,0.62,10.29,6.41,0
7073,2018-01-01,0,758,37.0,39,16.1,53.95,0.79,9.3,10.29,0
7073,2018-02-01,0,758,15.0,24,16.1,27.85,0.67,5.32,9.3,0
7073,2018-03-01,0,758,27.0,41,16.1,45.25,0.63,3.17,5.32,0
7073,2018-04-01,0,758,30.0,49,16.1,53.95,0.63,4.29,3.17,0
7073,2018-05-01,0,758,30.0,40,16.1,46.99,0.68,0.62,4.29,0
7073,2018-06-01,0,758,19.0,30,16.1,34.81,0.67,0.61,0.62,0
7073,2018-07-01,0,758,21.0,34,16.1,38.29,0.65,4.0,0.61,0
7073,2018-08-01,0,758,32.0,47,16.1,52.21,0.64,0.23,4.0,0
7073,2018-09-01,0,758,19.0,29,16.1,38.29,0.76,0.36,0.23,0
7073,2018-10-01,0,758,28.0,35,16.1,41.77,0.69,0.56,0.36,0
7074,2016-12-01,1,575,14.0,2,12.6,0.0,0.0,4.39,1.55,0
7074,2017-01-01,1,575,14.0,13,12.6,12.1,0.31,5.64,4.39,0
7074,2017-02-01,1,575,14.0,12,12.6,27.22,0.75,3.42,5.64,0
7074,2017-03-01,1,575,14.0,7,12.6,9.07,0.43,5.78,3.42,0
7074,2017-04-01,1,575,10.0,10,12.6,15.12,0.5,4.8,5.78,0
7074,2017-05-01,1,575,2.0,3,12.6,6.05,0.67,0.57,4.8,0
7074,2017-06-01,1,575,8.0,8,12.6,24.2,1.0,1.12,0.57,0
7074,2017-07-01,1,575,5.0,5,12.6,12.1,0.8,0.82,1.12,0
7074,2017-08-01,1,575,8.0,9,12.6,21.17,0.78,0.36,0.82,0
7074,2017-09-01,1,575,9.0,9,12.6,12.1,0.44,0.18,0.36,0
7074,2017-10-01,1,575,18.0,18,12.6,33.27,0.61,0.34,0.18,0
7074,2017-11-01,1,575,9.0,9,12.6,24.2,0.89,6.41,0.34,0
7074,2017-12-01,1,575,34.0,34,12.6,72.59,0.71,10.29,6.41,0
7074,2018-01-01,1,575,14.0,14,12.6,36.29,0.86,9.3,10.29,0
7074,2018-02-01,1,575,28.0,29,12.6,66.54,0.76,5.32,9.3,0
7074,2018-03-01,1,575,15.0,16,12.6,33.27,0.69,3.17,5.32,0
7074,2018-04-01,1,575,3.0,3,12.6,9.07,1.0,4.29,3.17,0
7074,2018-05-01,1,575,18.0,18,12.6,33.27,0.61,0.62,4.29,0
7074,2018-06-01,1,575,5.0,5,12.6,9.07,0.6,0.61,0.62,0
7074,2018-07-01,1,575,7.0,7,12.6,12.1,0.57,4.0,0.61,0
7074,2018-08-01,1,575,10.0,13,12.6,15.12,0.38,0.23,4.0,0
7074,2018-09-01,1,575,9.0,9,12.6,21.17,0.78,0.36,0.23,0
7074,2018-10-01,1,575,1.0,1,12.6,3.02,1.0,0.56,0.36,0
7075,2016-12-01,1,902,14.0,9,6.1,8.6,0.78,4.39,1.55,0
7075,2017-01-01,1,902,14.0,18,6.1,12.29,0.56,5.64,4.39,0
7075,2017-02-01,1,902,14.0,36,6.1,39.33,0.89,3.42,5.64,0
7075,2017-03-01,1,902,14.0,15,6.1,17.21,0.93,5.78,3.42,0
7075,2017-04-01,1,902,12.0,15,6.1,9.83,0.53,4.8,5.78,0
7075,2017-05-01,1,902,8.0,8,6.1,6.15,0.62,0.57,4.8,0
7075,2017-06-01,1,902,13.0,13,6.1,12.29,0.77,1.12,0.57,0
7075,2017-07-01,1,902,10.0,10,6.1,8.6,0.7,0.82,1.12,0
7075,2017-08-01,1,902,25.0,25,6.1,15.98,0.52,0.36,0.82,0
7075,2017-09-01,1,902,17.0,17,6.1,18.44,0.88,0.18,0.36,0
7075,2017-10-01,1,902,26.0,26,6.1,19.67,0.62,0.34,0.18,0
7075,2017-11-01,1,902,14.0,14,6.1,4.92,0.29,6.41,0.34,0
7075,2017-12-01,1,902,11.0,11,6.1,9.83,0.73,10.29,6.41,0
7075,2018-01-01,1,902,41.0,41,6.1,40.56,0.8,9.3,10.29,0
7075,2018-02-01,1,902,17.0,17,6.1,18.44,0.88,5.32,9.3,0
7075,2018-03-01,1,902,15.0,15,6.1,14.75,0.8,3.17,5.32,0
7075,2018-04-01,1,902,25.0,25,6.1,24.58,0.8,4.29,3.17,0
7075,2018-05-01,1,902,23.0,23,6.1,20.89,0.74,0.62,4.29,0
7075,2018-06-01,1,902,18.0,18,6.1,13.52,0.61,0.61,0.62,0
7075,2018-07-01,1,902,17.0,17,6.1,17.21,0.82,4.0,0.61,0
7075,2018-08-01,1,902,24.0,32,6.1,18.44,0.47,0.23,4.0,0
7075,2018-09-01,1,902,25.0,25,6.1,23.35,0.76,0.36,0.23,0
7076,2016-12-01,0,495,14.0,5,7.0,20.41,1.0,4.39,1.55,1
7076,2017-01-01,0,495,14.0,24,7.0,77.54,0.79,5.64,4.39,1
7076,2017-02-01,0,495,14.0,10,7.0,32.65,0.8,3.42,5.64,1
7076,2017-03-01,0,495,14.0,5,7.0,16.32,0.8,5.78,3.42,1
7076,2017-04-01,0,495,12.0,15,7.0,40.81,0.67,4.8,5.78,1
7076,2017-05-01,0,495,11.0,11,7.0,32.65,0.73,0.57,4.8,1
7076,2017-06-01,0,495,10.0,10,7.0,28.57,0.7,1.12,0.57,1
7076,2017-07-01,0,495,9.0,9,7.0,28.57,0.78,0.82,1.12,1
7076,2017-08-01,0,495,11.0,11,7.0,32.65,0.73,0.36,0.82,1
7076,2017-09-01,0,495,10.0,10,7.0,36.73,0.9,0.18,0.36,1
7076,2017-10-01,0,495,21.0,21,7.0,53.06,0.62,0.34,0.18,1
7076,2017-11-01,0,495,12.0,12,7.0,28.57,0.58,6.41,0.34,1
7076,2017-12-01,0,495,10.0,10,7.0,28.57,0.7,10.29,6.41,1
7076,2018-01-01,0,495,27.0,27,7.0,97.95,0.89,9.3,10.29,1
7076,2018-02-01,0,495,9.0,9,7.0,28.57,0.78,5.32,9.3,1
7076,2018-03-01,0,495,10.0,10,7.0,32.65,0.8,3.17,5.32,1
7076,2018-04-01,0,495,17.0,17,7.0,48.97,0.71,4.29,3.17,1
7076,2018-05-01,0,495,17.0,17,7.0,53.06,0.76,0.62,4.29,1
7076,2018-06-01,0,495,21.0,21,7.0,44.89,0.52,0.61,0.62,1
7076,2018-07-01,0,495,16.0,16,7.0,44.89,0.69,4.0,0.61,1
7076,2018-08-01,0,495,14.0,14,7.0,48.97,0.86,0.23,4.0,1
7076,2018-09-01,0,495,26.0,26,7.0,85.71,0.81,0.36,0.23,1
7076,2018-10-01,0,495,7.0,7,7.0,16.32,0.57,0.56,0.36,1
7077,2016-12-01,0,1233,14.0,31,1.7,15.13,0.74,4.39,1.55,0
7077,2017-01-01,0,1233,14.0,69,1.7,34.2,0.75,5.64,4.39,0
7077,2017-02-01,0,1233,14.0,40,1.7,18.42,0.7,3.42,5.64,0
7077,2017-03-01,0,1233,14.0,45,1.7,22.36,0.76,5.78,3.42,0
7077,2017-04-01,0,1233,34.0,50,1.7,21.71,0.66,4.8,5.78,0
7077,2017-05-01,0,1233,47.0,47,1.7,25.65,0.83,0.57,4.8,0
7077,2017-06-01,0,1233,26.0,26,1.7,13.81,0.81,1.12,0.57,0
7077,2017-07-01,0,1233,44.0,44,1.7,21.05,0.73,0.82,1.12,0
7077,2017-08-01,0,1233,37.0,38,1.7,17.1,0.68,0.36,0.82,0
7077,2017-09-01,0,1233,58.0,58,1.7,29.6,0.78,0.18,0.36,0
7077,2017-10-01,0,1233,91.0,91,1.7,47.36,0.79,0.34,0.18,0
7077,2017-11-01,0,1233,49.0,49,1.7,19.73,0.61,6.41,0.34,0
7077,2017-12-01,0,1233,53.0,53,1.7,26.31,0.75,10.29,6.41,0
7077,2018-01-01,0,1233,96.0,96,1.7,50.65,0.8,9.3,10.29,0
7077,2018-02-01,0,1233,42.0,42,1.7,19.08,0.69,5.32,9.3,0
7077,2018-03-01,0,1233,57.0,57,1.7,29.6,0.79,3.17,5.32,0
7077,2018-04-01,0,1233,88.0,88,1.7,34.86,0.6,4.29,3.17,0
7077,2018-05-01,0,1233,51.0,51,1.7,24.34,0.73,0.62,4.29,0
7077,2018-06-01,0,1233,63.0,63,1.7,29.6,0.71,0.61,0.62,0
7077,2018-07-01,0,1233,59.0,59,1.7,30.92,0.8,4.0,0.61,0
7077,2018-08-01,0,1233,62.0,62,1.7,30.92,0.76,0.23,4.0,0
7077,2018-09-01,0,1233,82.0,82,1.7,40.78,0.76,0.36,0.23,0
7077,2018-10-01,0,1233,13.0,13,1.7,5.92,0.69,0.56,0.36,0
7079,2016-12-01,0,445,1.0,18,7.0,70.7,0.78,4.39,1.55,1
7079,2017-01-01,0,445,0.0,27,7.0,126.25,0.93,5.64,4.39,1
7079,2017-02-01,0,445,0.0,23,7.0,101.0,0.87,3.42,5.64,1
7079,2017-03-01,0,445,0.0,20,7.0,90.9,0.9,5.78,3.42,1
7079,2017-04-01,0,445,5.0,45,7.0,186.85,0.82,4.8,5.78,1
7079,2017-05-01,0,445,3.0,3,7.0,10.1,0.67,0.57,4.8,1
7079,2017-06-01,0,445,2.0,3,7.0,10.1,0.67,1.12,0.57,1
7079,2017-07-01,0,445,6.0,10,7.0,30.3,0.6,0.82,1.12,1
7079,2017-08-01,0,445,24.0,55,7.0,191.89,0.69,0.36,0.82,1
7079,2017-09-01,0,445,3.0,24,7.0,95.95,0.79,0.18,0.36,1
7079,2017-10-01,0,445,3.0,18,7.0,70.7,0.78,0.34,0.18,1
7079,2017-11-01,0,445,4.0,13,7.0,25.25,0.38,6.41,0.34,1
7079,2017-12-01,0,445,6.0,18,7.0,55.55,0.61,10.29,6.41,1
7079,2018-01-01,0,445,87.0,104,7.0,368.64,0.7,9.3,10.29,1
7079,2018-04-01,0,445,84.0,143,7.0,499.94,0.69,4.29,9.3,1
7079,2018-05-01,0,445,58.0,156,7.0,636.28,0.81,0.62,4.29,1
7079,2018-06-01,0,445,26.0,104,7.0,383.79,0.73,0.61,0.62,1
7079,2018-07-01,0,445,42.0,125,7.0,474.69,0.75,4.0,0.61,1
7079,2018-08-01,0,445,38.0,123,7.0,459.54,0.74,0.23,4.0,1
7079,2018-09-01,0,445,33.0,33,7.0,121.2,0.73,0.36,0.23,1
7079,2018-10-01,0,445,35.0,35,7.0,116.15,0.66,0.56,0.36,1
7080,2016-12-01,0,1276,14.0,3,7.0,0.61,0.33,4.39,1.55,1
7080,2017-01-01,0,1276,14.0,6,7.0,3.07,0.83,5.64,4.39,1
7080,2017-02-01,0,1276,14.0,2,7.0,1.23,1.0,3.42,5.64,1
7080,2017-04-01,0,1276,6.0,6,7.0,1.84,0.5,4.8,5.78,1
7080,2017-05-01,0,1276,3.0,5,7.0,2.46,0.8,0.57,4.8,1
7080,2017-06-01,0,1276,1.0,1,7.0,0.0,0.0,1.12,0.57,1
7080,2017-07-01,0,1276,1.0,11,7.0,6.14,0.91,0.82,1.12,1
7080,2017-08-01,0,1276,3.0,38,7.0,20.27,0.87,0.36,0.82,1
7080,2017-09-01,0,1276,1.0,32,7.0,19.04,0.97,0.18,0.36,1
7080,2017-10-01,0,1276,3.0,22,7.0,11.06,0.82,0.34,0.18,1
7080,2017-11-01,0,1276,1.0,10,7.0,6.14,1.0,6.41,0.34,1
7080,2017-12-01,0,1276,15.0,24,7.0,8.6,0.58,10.29,6.41,1
7080,2018-01-01,0,1276,11.0,11,7.0,6.14,0.91,9.3,10.29,1
7080,2018-02-01,0,1276,9.0,42,7.0,19.65,0.76,5.32,9.3,1
7080,2018-03-01,0,1276,13.0,50,7.0,22.72,0.74,3.17,5.32,1
7080,2018-04-01,0,1276,17.0,68,7.0,27.02,0.65,4.29,3.17,1
7080,2018-05-01,0,1276,17.0,60,7.0,25.8,0.7,0.62,4.29,1
7080,2018-06-01,0,1276,7.0,47,7.0,22.72,0.79,0.61,0.62,1
7080,2018-07-01,0,1276,2.0,38,7.0,17.2,0.74,4.0,0.61,1
7080,2018-08-01,0,1276,8.0,27,7.0,10.44,0.63,0.23,4.0,1
7080,2018-09-01,0,1276,2.0,6,7.0,2.46,0.67,0.36,0.23,1
7080,2018-10-01,0,1276,2.0,2,7.0,0.61,0.5,0.56,0.36,1
7083,2017-02-01,0,789,0.0,3,7.0,4.82,1.0,3.42,5.64,1
7083,2017-03-01,0,789,0.0,1,7.0,1.61,1.0,5.78,3.42,1
7083,2017-04-01,0,789,10.0,13,7.0,12.85,0.62,4.8,5.78,1
7083,2017-05-01,0,789,2.0,3,7.0,4.82,1.0,0.57,4.8,1
7083,2017-06-01,0,789,0.0,1,7.0,1.61,1.0,1.12,0.57,1
7083,2017-07-01,0,789,0.0,2,7.0,3.21,1.0,0.82,1.12,1
7083,2017-08-01,0,789,1.0,13,7.0,20.88,1.0,0.36,0.82,1
7083,2017-09-01,0,789,0.0,4,7.0,6.43,1.0,0.18,0.36,1
7083,2017-10-01,0,789,0.0,4,7.0,3.21,0.5,0.34,0.18,1
7083,2017-11-01,0,789,1.0,3,7.0,4.82,1.0,6.41,0.34,1
7083,2017-12-01,0,789,6.0,7,7.0,6.43,0.57,10.29,6.41,1
7083,2018-01-01,0,789,2.0,9,7.0,12.85,0.89,9.3,10.29,1
7083,2018-02-01,0,789,1.0,7,7.0,6.43,0.57,5.32,9.3,1
7083,2018-03-01,0,789,0.0,4,7.0,4.82,0.75,3.17,5.32,1
7083,2018-04-01,0,789,0.0,3,7.0,3.21,0.67,4.29,3.17,1
7083,2018-05-01,0,789,13.0,17,7.0,24.1,0.88,0.62,4.29,1
7083,2018-06-01,0,789,1.0,10,7.0,12.85,0.8,0.61,0.62,1
7083,2018-07-01,0,789,1.0,7,7.0,6.43,0.57,4.0,0.61,1
7083,2018-08-01,0,789,3.0,3,7.0,3.21,0.67,0.23,4.0,1
7085,2016-12-01,0,514,1.0,18,7.0,60.56,0.89,4.39,1.55,1
7085,2017-01-01,0,514,0.0,18,7.0,60.56,0.89,5.64,4.39,1
7085,2017-02-01,0,514,0.0,27,7.0,90.84,0.89,3.42,5.64,1
7085,2017-03-01,0,514,0.0,26,7.0,87.06,0.88,5.78,3.42,1
7085,2017-04-01,0,514,14.0,50,7.0,158.97,0.84,4.8,5.78,1
7085,2017-05-01,0,514,5.0,20,7.0,56.78,0.75,0.57,4.8,1
7085,2017-06-01,0,514,0.0,21,7.0,75.7,0.95,1.12,0.57,1
7085,2017-07-01,0,514,4.0,20,7.0,68.13,0.9,0.82,1.12,1
7085,2017-08-01,0,514,5.0,29,7.0,87.06,0.79,0.36,0.82,1
7085,2017-09-01,0,514,5.0,32,7.0,94.63,0.78,0.18,0.36,1
7085,2017-10-01,0,514,4.0,20,7.0,64.35,0.85,0.34,0.18,1
7085,2017-11-01,0,514,3.0,16,7.0,37.85,0.62,6.41,0.34,1
7085,2017-12-01,0,514,13.0,14,7.0,41.64,0.79,10.29,6.41,1
7085,2018-01-01,0,514,7.0,37,7.0,117.34,0.84,9.3,10.29,1
7085,2018-02-01,0,514,18.0,33,7.0,105.98,0.85,5.32,9.3,1
7085,2018-03-01,0,514,10.0,30,7.0,83.27,0.73,3.17,5.32,1
7085,2018-04-01,0,514,7.0,19,7.0,64.35,0.89,4.29,3.17,1
7085,2018-05-01,0,514,11.0,25,7.0,75.7,0.8,0.62,4.29,1
7085,2018-06-01,0,514,1.0,32,7.0,98.41,0.81,0.61,0.62,1
7085,2018-07-01,0,514,5.0,23,7.0,79.49,0.91,4.0,0.61,1
7085,2018-08-01,0,514,7.0,17,7.0,41.64,0.65,0.23,4.0,1
7085,2018-09-01,0,514,5.0,12,7.0,30.28,0.67,0.36,0.23,1
7085,2018-10-01,0,514,2.0,9,7.0,22.71,0.67,0.56,0.36,1
7086,2016-12-01,0,306,0.0,8,8.1,64.08,0.75,4.39,1.55,0
7086,2017-01-01,0,306,0.0,35,8.1,373.79,1.0,5.64,4.39,0
7086,2017-02-01,0,306,14.0,21,8.1,192.23,0.86,3.42,5.64,0
7086,2017-03-01,0,306,0.0,21,8.1,192.23,0.86,5.78,3.42,0
7086,2017-04-01,0,306,20.0,31,8.1,266.99,0.81,4.8,5.78,0
7086,2017-05-01,0,306,14.0,19,8.1,181.55,0.89,0.57,4.8,0
7086,2017-06-01,0,306,21.0,21,8.1,192.23,0.86,1.12,0.57,0
7086,2017-07-01,0,306,16.0,16,8.1,96.12,0.56,0.82,1.12,0
7086,2017-08-01,0,306,15.0,19,8.1,96.12,0.47,0.36,0.82,0
7086,2017-09-01,0,306,17.0,20,8.1,138.84,0.65,0.18,0.36,0
7086,2017-10-01,0,306,12.0,16,8.1,106.8,0.62,0.34,0.18,0
7086,2017-11-01,0,306,13.0,17,8.1,160.19,0.88,6.41,0.34,0
7086,2017-12-01,0,306,29.0,29,8.1,245.63,0.79,10.29,6.41,0
7086,2018-01-01,0,306,27.0,32,8.1,288.35,0.84,9.3,10.29,0
7086,2018-02-01,0,306,20.0,23,8.1,202.91,0.83,5.32,9.3,0
7086,2018-03-01,0,306,17.0,19,8.1,160.19,0.79,3.17,5.32,0
7086,2018-04-01,0,306,23.0,29,8.1,192.23,0.62,4.29,3.17,0
7086,2018-05-01,0,306,23.0,24,8.1,160.19,0.62,0.62,4.29,0
7086,2018-06-01,0,306,20.0,35,8.1,266.99,0.71,0.61,0.62,0
7086,2018-07-01,0,306,11.0,19,8.1,160.19,0.79,4.0,0.61,0
7086,2018-08-01,0,306,21.0,21,8.1,106.8,0.48,0.23,4.0,0
7086,2018-09-01,0,306,25.0,26,8.1,160.19,0.58,0.36,0.23,0
7086,2018-10-01,0,306,2.0,3,8.1,21.36,0.67,0.56,0.36,0
7088,2016-12-01,1,560,0.0,24,10.6,54.21,0.71,4.39,1.55,0
7088,2017-01-01,1,560,0.0,46,10.6,108.42,0.74,5.64,4.39,0
7088,2017-02-01,1,560,0.0,45,10.6,102.04,0.71,3.42,5.64,0
7088,2017-03-01,1,560,0.0,43,10.6,102.04,0.74,5.78,3.42,0
7088,2017-04-01,1,560,37.0,104,10.6,264.67,0.8,4.8,5.78,0
7088,2017-05-01,1,560,17.0,99,10.6,232.78,0.74,0.57,4.8,0
7088,2017-06-01,1,560,12.0,16,10.6,25.51,0.5,1.12,0.57,0
7088,2017-07-01,1,560,4.0,7,10.6,22.32,1.0,0.82,1.12,0
7088,2017-08-01,1,560,9.0,50,10.6,105.23,0.66,0.36,0.82,0
7088,2017-09-01,1,560,14.0,47,10.6,111.61,0.74,0.18,0.36,0
7088,2017-10-01,1,560,11.0,37,10.6,79.72,0.68,0.34,0.18,0
7088,2017-11-01,1,560,19.0,31,10.6,60.59,0.61,6.41,0.34,0
7088,2017-12-01,1,560,18.0,20,10.6,44.64,0.7,10.29,6.41,0
7088,2018-01-01,1,560,9.0,59,10.6,149.87,0.8,9.3,10.29,0
7088,2018-02-01,1,560,25.0,60,10.6,156.25,0.82,5.32,9.3,0
7088,2018-03-01,1,560,11.0,76,10.6,188.14,0.78,3.17,5.32,0
7088,2018-04-01,1,560,13.0,56,10.6,162.63,0.91,4.29,3.17,0
7088,2018-05-01,1,560,26.0,110,10.6,220.03,0.63,0.62,4.29,0
7088,2018-06-01,1,560,7.0,46,10.6,108.42,0.74,0.61,0.62,0
7088,2018-07-01,1,560,12.0,56,10.6,140.31,0.79,4.0,0.61,0
7088,2018-08-01,1,560,10.0,71,10.6,153.06,0.68,0.23,4.0,0
7088,2018-09-01,1,560,19.0,49,10.6,114.8,0.73,0.36,0.23,0
7088,2018-10-01,1,560,1.0,1,10.6,3.19,1.0,0.56,0.36,0
7090,2016-12-01,1,1394,14.0,20,7.9,7.2,0.7,4.39,1.55,0
7090,2017-01-01,1,1394,14.0,31,7.9,12.87,0.81,5.64,4.39,0
7090,2017-02-01,1,1394,14.0,24,7.9,8.75,0.71,3.42,5.64,0
7090,2017-03-01,1,1394,0.0,23,7.9,8.75,0.74,5.78,3.42,0
7090,2017-04-01,1,1394,38.0,44,7.9,11.84,0.52,4.8,5.78,0
7090,2017-05-01,1,1394,17.0,17,7.9,5.66,0.65,0.57,4.8,0
7090,2017-06-01,1,1394,17.0,17,7.9,7.2,0.82,1.12,0.57,0
7090,2017-07-01,1,1394,22.0,22,7.9,9.78,0.86,0.82,1.12,0
7090,2017-08-01,1,1394,14.0,19,7.9,4.63,0.47,0.36,0.82,0
7090,2017-09-01,1,1394,35.0,37,7.9,13.38,0.7,0.18,0.36,0
7090,2017-10-01,1,1394,47.0,49,7.9,20.58,0.82,0.34,0.18,0
7090,2017-11-01,1,1394,28.0,28,7.9,9.78,0.68,6.41,0.34,0
7090,2017-12-01,1,1394,38.0,38,7.9,15.95,0.82,10.29,6.41,0
7090,2018-01-01,1,1394,20.0,43,7.9,10.81,0.49,9.3,10.29,0
7090,2018-02-01,1,1394,51.0,53,7.9,23.67,0.87,5.32,9.3,0
7090,2018-03-01,1,1394,20.0,20,7.9,7.72,0.75,3.17,5.32,0
7090,2018-04-01,1,1394,37.0,37,7.9,15.44,0.81,4.29,3.17,0
7090,2018-05-01,1,1394,48.0,48,7.9,20.58,0.83,0.62,4.29,0
7090,2018-06-01,1,1394,37.0,38,7.9,13.38,0.68,0.61,0.62,0
7090,2018-07-01,1,1394,37.0,37,7.9,15.44,0.81,4.0,0.61,0
7090,2018-08-01,1,1394,44.0,44,7.9,16.47,0.73,0.23,4.0,0
7090,2018-09-01,1,1394,40.0,40,7.9,13.38,0.65,0.36,0.23,0
7090,2018-10-01,1,1394,5.0,5,7.9,1.54,0.6,0.56,0.36,0
7092,2016-12-01,0,1169,0.0,44,3.3,23.42,0.73,4.39,1.55,0
7092,2017-01-01,0,1169,14.0,79,3.3,45.37,0.78,5.64,4.39,0
7092,2017-02-01,0,1169,0.0,41,3.3,23.42,0.78,3.42,5.64,0
7092,2017-03-01,0,1169,14.0,35,3.3,21.22,0.83,5.78,3.42,0
7092,2017-04-01,0,1169,64.0,72,3.3,37.32,0.71,4.8,5.78,0
7092,2017-05-01,0,1169,32.0,32,3.3,16.1,0.69,0.57,4.8,0
7092,2017-06-01,0,1169,29.0,29,3.3,18.29,0.86,1.12,0.57,0
7092,2017-07-01,0,1169,41.0,41,3.3,24.15,0.8,0.82,1.12,0
7092,2017-08-01,0,1169,43.0,43,3.3,19.03,0.6,0.36,0.82,0
7092,2017-09-01,0,1169,54.0,54,3.3,29.27,0.74,0.18,0.36,0
7092,2017-10-01,0,1169,26.0,26,3.3,14.64,0.77,0.34,0.18,0
7092,2017-11-01,0,1169,29.0,30,3.3,15.37,0.7,6.41,0.34,0
7092,2017-12-01,0,1169,38.0,38,3.3,16.83,0.61,10.29,6.41,0
7092,2018-01-01,0,1169,62.0,62,3.3,35.86,0.79,9.3,10.29,0
7092,2018-02-01,0,1169,52.0,52,3.3,27.08,0.71,5.32,9.3,0
7092,2018-03-01,0,1169,34.0,34,3.3,21.95,0.88,3.17,5.32,0
7092,2018-04-01,0,1169,62.0,62,3.3,34.39,0.76,4.29,3.17,0
7092,2018-05-01,0,1169,51.0,51,3.3,28.54,0.76,0.62,4.29,0
7092,2018-06-01,0,1169,30.0,31,3.3,13.9,0.61,0.61,0.62,0
7092,2018-07-01,0,1169,40.0,40,3.3,15.37,0.52,4.0,0.61,0
7092,2018-08-01,0,1169,47.0,47,3.3,20.49,0.6,0.23,4.0,0
7092,2018-09-01,0,1169,46.0,46,3.3,24.15,0.72,0.36,0.23,0
7092,2018-10-01,0,1169,12.0,12,3.3,3.66,0.42,0.56,0.36,0
7093,2016-12-01,0,1324,14.0,72,0.4,27.38,0.67,4.39,1.55,0
7093,2017-01-01,0,1324,14.0,132,0.4,55.33,0.73,5.64,4.39,0
7093,2017-02-01,0,1324,14.0,102,0.4,43.93,0.75,3.42,5.64,0
7093,2017-03-01,0,1324,14.0,129,0.4,60.47,0.82,5.78,3.42,0
7093,2017-04-01,0,1324,85.0,121,0.4,57.05,0.83,4.8,5.78,0
7093,2017-05-01,0,1324,82.0,83,0.4,35.37,0.75,0.57,4.8,0
7093,2017-06-01,0,1324,80.0,80,0.4,31.95,0.7,1.12,0.57,0
7093,2017-07-01,0,1324,91.0,91,0.4,40.5,0.78,0.82,1.12,0
7093,2017-08-01,0,1324,103.0,106,0.4,37.08,0.61,0.36,0.82,0
7093,2017-09-01,0,1324,67.0,67,0.4,24.53,0.64,0.18,0.36,0
7093,2017-10-01,0,1324,91.0,91,0.4,34.23,0.66,0.34,0.18,0
7093,2017-11-01,0,1324,70.0,70,0.4,27.95,0.7,6.41,0.34,0
7093,2017-12-01,0,1324,77.0,77,0.4,27.95,0.64,10.29,6.41,0
7093,2018-01-01,0,1324,237.0,237,0.4,103.82,0.77,9.3,10.29,0
7093,2018-02-01,0,1324,78.0,78,0.4,36.51,0.82,5.32,9.3,0
7093,2018-03-01,0,1324,120.0,121,0.4,60.47,0.88,3.17,5.32,0
7093,2018-04-01,0,1324,209.0,209,0.4,84.43,0.71,4.29,3.17,0
7093,2018-05-01,0,1324,129.0,129,0.4,53.05,0.72,0.62,4.29,0
7093,2018-06-01,0,1324,107.0,107,0.4,38.22,0.63,0.61,0.62,0
7093,2018-07-01,0,1324,98.0,98,0.4,39.93,0.71,4.0,0.61,0
7093,2018-08-01,0,1324,96.0,96,0.4,33.66,0.61,0.23,4.0,0
7093,2018-09-01,0,1324,121.0,121,0.4,44.5,0.64,0.36,0.23,0
7093,2018-10-01,0,1324,22.0,22,0.4,9.13,0.73,0.56,0.36,0
7094,2016-12-01,0,1018,14.0,27,7.0,10.61,0.41,4.39,1.55,1
7094,2017-01-01,0,1018,14.0,80,7.0,38.6,0.5,5.64,4.39,1
7094,2017-02-01,0,1018,14.0,220,7.0,131.23,0.62,3.42,5.64,1
7094,2017-03-01,0,1018,14.0,182,7.0,111.93,0.64,5.78,3.42,1
7094,2017-04-01,0,1018,7.0,152,7.0,71.41,0.49,4.8,5.78,1
7094,2017-05-01,0,1018,87.0,130,7.0,69.48,0.55,0.57,4.8,1
7094,2017-06-01,0,1018,88.0,93,7.0,53.07,0.59,1.12,0.57,1
7094,2017-07-01,0,1018,78.0,78,7.0,50.18,0.67,0.82,1.12,1
7094,2017-08-01,0,1018,170.0,170,7.0,78.16,0.48,0.36,0.82,1
7094,2017-09-01,0,1018,159.0,159,7.0,84.92,0.55,0.18,0.36,1
7094,2017-10-01,0,1018,84.0,84,7.0,40.53,0.5,0.34,0.18,1
7094,2017-11-01,0,1018,107.0,107,7.0,34.74,0.34,6.41,0.34,1
7094,2017-12-01,0,1018,111.0,111,7.0,60.79,0.57,10.29,6.41,1
7094,2018-01-01,0,1018,201.0,201,7.0,112.9,0.58,9.3,10.29,1
7094,2018-02-01,0,1018,99.0,99,7.0,46.32,0.48,5.32,9.3,1
7094,2018-03-01,0,1018,144.0,145,7.0,82.02,0.59,3.17,5.32,1
7094,2018-04-01,0,1018,205.0,205,7.0,112.9,0.57,4.29,3.17,1
7094,2018-05-01,0,1018,176.0,176,7.0,108.07,0.64,0.62,4.29,1
7094,2018-06-01,0,1018,172.0,172,7.0,87.81,0.53,0.61,0.62,1
7094,2018-07-01,0,1018,138.0,139,7.0,63.69,0.47,4.0,0.61,1
7094,2018-08-01,0,1018,157.0,157,7.0,53.07,0.35,0.23,4.0,1
7094,2018-09-01,0,1018,134.0,134,7.0,64.65,0.5,0.36,0.23,1
7094,2018-10-01,0,1018,110.0,110,7.0,54.04,0.51,0.56,0.36,1
7095,2016-12-01,0,2715,1.0,123,0.3,7.19,0.43,4.39,1.55,0
7095,2017-01-01,0,2715,14.0,140,0.3,8.0,0.42,5.64,4.39,0
7095,2017-02-01,0,2715,1.0,269,0.3,21.16,0.58,3.42,5.64,0
7095,2017-03-01,0,2715,14.0,231,0.3,17.64,0.56,5.78,3.42,0
7095,2017-04-01,0,2715,1.0,266,0.3,18.86,0.52,4.8,5.78,0
7095,2017-05-01,0,2715,19.0,340,0.3,29.03,0.63,0.57,4.8,0
7095,2017-06-01,0,2715,257.0,277,0.3,24.42,0.65,1.12,0.57,0
7095,2017-07-01,0,2715,238.0,238,0.3,22.25,0.69,0.82,1.12,0
7095,2017-08-01,0,2715,273.0,273,0.3,23.47,0.63,0.36,0.82,0
7095,2017-09-01,0,2715,248.0,248,0.3,19.4,0.58,0.18,0.36,0
7095,2017-10-01,0,2715,313.0,313,0.3,23.74,0.56,0.34,0.18,0
7095,2017-11-01,0,2715,252.0,252,0.3,16.42,0.48,6.41,0.34,0
7095,2017-12-01,0,2715,233.0,233,0.3,18.72,0.59,10.29,6.41,0
7095,2018-01-01,0,2715,549.0,549,0.3,32.56,0.44,9.3,10.29,0
7095,2018-02-01,0,2715,314.0,314,0.3,21.43,0.5,5.32,9.3,0
7095,2018-03-01,0,2715,343.0,343,0.3,23.47,0.5,3.17,5.32,0
7095,2018-04-01,0,2715,314.0,314,0.3,21.71,0.51,4.29,3.17,0
7095,2018-05-01,0,2715,268.0,268,0.3,20.35,0.56,0.62,4.29,0
7095,2018-06-01,0,2715,282.0,283,0.3,23.33,0.61,0.61,0.62,0
7095,2018-07-01,0,2715,188.0,188,0.3,14.92,0.59,4.0,0.61,0
7095,2018-08-01,0,2715,271.0,271,0.3,16.82,0.46,0.23,4.0,0
7095,2018-09-01,0,2715,300.0,301,0.3,21.3,0.52,0.36,0.23,0
7095,2018-10-01,0,2715,257.0,257,0.3,19.67,0.56,0.56,0.36,0
7097,2016-12-01,1,1980,14.0,48,4.6,5.36,0.44,4.39,1.55,0
7097,2017-01-01,1,1980,14.0,61,4.6,8.67,0.56,5.64,4.39,0
7097,2017-02-01,1,1980,14.0,169,4.6,22.96,0.53,3.42,5.64,0
7097,2017-03-01,1,1980,14.0,146,4.6,19.64,0.53,5.78,3.42,0
7097,2017-04-01,1,1980,3.0,121,4.6,13.26,0.43,4.8,5.78,0
7097,2017-05-01,1,1980,25.0,135,4.6,17.35,0.5,0.57,4.8,0
7097,2017-06-01,1,1980,128.0,132,4.6,20.92,0.62,1.12,0.57,0
7097,2017-07-01,1,1980,98.0,98,4.6,15.56,0.62,0.82,1.12,0
7097,2017-08-01,1,1980,84.0,84,4.6,10.2,0.48,0.36,0.82,0
7097,2017-09-01,1,1980,117.0,117,4.6,15.81,0.53,0.18,0.36,0
7097,2017-10-01,1,1980,103.0,103,4.6,10.97,0.42,0.34,0.18,0
7097,2017-11-01,1,1980,100.0,100,4.6,7.4,0.29,6.41,0.34,0
7097,2017-12-01,1,1980,66.0,66,4.6,7.4,0.44,10.29,6.41,0
7097,2018-01-01,1,1980,126.0,126,4.6,16.58,0.52,9.3,10.29,0
7097,2018-02-01,1,1980,135.0,135,4.6,15.56,0.45,5.32,9.3,0
7097,2018-03-01,1,1980,229.0,229,4.6,23.98,0.41,3.17,5.32,0
7097,2018-04-01,1,1980,109.0,110,4.6,13.26,0.47,4.29,3.17,0
7097,2018-05-01,1,1980,160.0,160,4.6,24.23,0.59,0.62,4.29,0
7097,2018-06-01,1,1980,148.0,148,4.6,19.9,0.53,0.61,0.62,0
7097,2018-07-01,1,1980,90.0,90,4.6,10.71,0.47,4.0,0.61,0
7097,2018-08-01,1,1980,121.0,121,4.6,11.73,0.38,0.23,4.0,0
7097,2018-09-01,1,1980,125.0,125,4.6,17.86,0.56,0.36,0.23,0
7097,2018-10-01,1,1980,113.0,113,4.6,12.5,0.43,0.56,0.36,0
7101,2016-12-01,1,1788,14.0,8,8.4,1.56,0.62,4.39,1.55,0
7101,2017-01-01,1,1788,14.0,18,8.4,3.44,0.61,5.64,4.39,0
7101,2017-02-01,1,1788,14.0,17,8.4,4.07,0.76,3.42,5.64,0
7101,2017-03-01,1,1788,14.0,24,8.4,5.63,0.75,5.78,3.42,0
7101,2017-04-01,1,1788,1.0,27,8.4,5.32,0.63,4.8,5.78,0
7101,2017-05-01,1,1788,20.0,33,8.4,6.26,0.61,0.57,4.8,0
7101,2017-06-01,1,1788,50.0,51,8.4,11.89,0.75,1.12,0.57,0
7101,2017-07-01,1,1788,30.0,36,8.4,8.45,0.75,0.82,1.12,0
7101,2017-08-01,1,1788,47.0,65,8.4,10.32,0.51,0.36,0.82,0
7101,2017-09-01,1,1788,68.0,68,8.4,13.45,0.63,0.18,0.36,0
7101,2017-10-01,1,1788,33.0,33,8.4,5.63,0.55,0.34,0.18,0
7101,2017-11-01,1,1788,21.0,52,8.4,5.32,0.33,6.41,0.34,0
7101,2017-12-01,1,1788,4.0,60,8.4,7.51,0.4,10.29,6.41,0
7101,2018-01-01,1,1788,13.0,13,8.4,2.5,0.62,9.3,10.29,0
7101,2018-02-01,1,1788,8.0,8,8.4,1.56,0.62,5.32,9.3,0
7101,2018-03-01,1,1788,19.0,25,8.4,5.0,0.64,3.17,5.32,0
7101,2018-04-01,1,1788,26.0,114,8.4,26.28,0.74,4.29,3.17,0
7101,2018-05-01,1,1788,9.0,76,8.4,10.95,0.46,0.62,4.29,0
7101,2018-06-01,1,1788,0.0,32,8.4,3.13,0.31,0.61,0.62,0
7101,2018-07-01,1,1788,3.0,21,8.4,0.94,0.14,4.0,0.61,0
7101,2018-08-01,1,1788,15.0,28,8.4,3.75,0.43,0.23,4.0,0
7101,2018-09-01,1,1788,19.0,20,8.4,5.0,0.8,0.36,0.23,0
7101,2018-10-01,1,1788,17.0,17,8.4,2.5,0.47,0.56,0.36,0
7102,2016-12-01,0,395,0.0,24,5.4,76.91,0.5,4.39,1.55,0
7102,2017-01-01,0,395,0.0,129,5.4,544.78,0.66,5.64,4.39,0
7102,2017-02-01,0,395,0.0,192,5.4,737.06,0.6,3.42,5.64,0
7102,2017-04-01,0,395,4.0,150,5.4,685.79,0.71,4.8,5.78,0
7102,2017-05-01,0,395,64.0,108,5.4,506.33,0.73,0.57,4.8,0
7102,2017-06-01,0,395,106.0,108,5.4,467.87,0.68,1.12,0.57,0
7102,2017-07-01,0,395,48.0,48,5.4,243.55,0.79,0.82,1.12,0
7102,2017-08-01,0,395,42.0,57,5.4,121.78,0.33,0.36,0.82,0
7102,2017-09-01,0,395,39.0,88,5.4,230.73,0.41,0.18,0.36,0
7102,2017-10-01,0,395,26.0,81,5.4,224.32,0.43,0.34,0.18,0
7102,2017-11-01,0,395,51.0,133,5.4,435.83,0.51,6.41,0.34,0
7102,2017-12-01,0,395,62.0,115,5.4,352.51,0.48,10.29,6.41,0
7102,2018-01-01,0,395,96.0,96,5.4,346.1,0.56,9.3,10.29,0
7102,2018-02-01,0,395,94.0,129,5.4,480.69,0.58,5.32,9.3,0
7102,2018-03-01,0,395,138.0,248,5.4,954.98,0.6,3.17,5.32,0
7102,2018-04-01,0,395,109.0,110,5.4,506.33,0.72,4.29,3.17,0
7102,2018-05-01,0,395,153.0,153,5.4,653.74,0.67,0.62,4.29,0
7102,2018-06-01,0,395,111.0,124,5.4,506.33,0.64,0.61,0.62,0
7102,2018-07-01,0,395,67.0,154,5.4,621.7,0.63,4.0,0.61,0
7102,2018-08-01,0,395,64.0,64,5.4,192.28,0.47,0.23,4.0,0
7102,2018-09-01,0,395,66.0,66,5.4,230.73,0.55,0.36,0.23,0
7102,2018-10-01,0,395,67.0,67,5.4,147.41,0.34,0.56,0.36,0
7103,2016-12-01,1,4649,0.0,72,11.8,1.9,0.57,4.39,1.55,0
7103,2017-01-01,1,4649,0.0,45,11.8,1.2,0.58,5.64,4.39,0
7103,2017-02-01,1,4649,14.0,37,11.8,1.02,0.59,3.42,5.64,0
7103,2017-03-01,1,4649,14.0,28,11.8,0.74,0.57,5.78,3.42,0
7103,2017-04-01,1,4649,1.0,22,11.8,0.56,0.55,4.8,5.78,0
7103,2017-05-01,1,4649,15.0,21,11.8,0.56,0.57,0.57,4.8,0
7103,2017-06-01,1,4649,23.0,23,11.8,0.79,0.74,1.12,0.57,0
7103,2017-07-01,1,4649,21.0,25,11.8,0.69,0.6,0.82,1.12,0
7103,2017-08-01,1,4649,29.0,44,11.8,0.93,0.45,0.36,0.82,0
7103,2017-09-01,1,4649,23.0,56,11.8,1.57,0.61,0.18,0.36,0
7103,2017-10-01,1,4649,21.0,44,11.8,1.25,0.61,0.34,0.18,0
7103,2017-11-01,1,4649,15.0,17,11.8,0.09,0.12,6.41,0.34,0
7103,2017-12-01,1,4649,36.0,36,11.8,0.93,0.56,10.29,6.41,0
7103,2018-01-01,1,4649,40.0,44,11.8,1.3,0.64,9.3,10.29,0
7103,2018-02-01,1,4649,72.0,120,11.8,3.93,0.71,5.32,9.3,0
7103,2018-03-01,1,4649,57.0,159,11.8,5.46,0.74,3.17,5.32,0
7103,2018-04-01,1,4649,84.0,197,11.8,6.99,0.77,4.29,3.17,0
7103,2018-05-01,1,4649,98.0,219,11.8,6.25,0.62,0.62,4.29,0
7103,2018-06-01,1,4649,121.0,162,11.8,4.53,0.6,0.61,0.62,0
7103,2018-07-01,1,4649,66.0,196,11.8,6.2,0.68,4.0,0.61,0
7103,2018-08-01,1,4649,60.0,158,11.8,4.21,0.58,0.23,4.0,0
7103,2018-09-01,1,4649,60.0,100,11.8,3.1,0.67,0.36,0.23,0
7103,2018-10-01,1,4649,50.0,50,11.8,1.34,0.58,0.56,0.36,0
7105,2017-01-01,1,1380,14.0,1,7.0,0.0,0.0,5.64,4.39,1
7105,2017-02-01,1,1380,14.0,1,7.0,0.53,1.0,3.42,5.64,1
7105,2017-03-01,1,1380,14.0,4,7.0,1.58,0.75,5.78,3.42,1
7105,2017-04-01,1,1380,14.0,2,7.0,0.53,0.5,4.8,5.78,1
7105,2017-05-01,1,1380,5.0,5,7.0,1.58,0.6,0.57,4.8,1
7105,2017-07-01,1,1380,5.0,5,7.0,1.05,0.4,0.82,0.57,1
7105,2017-09-01,1,1380,2.0,4,7.0,1.05,0.5,0.18,0.82,1
7105,2017-10-01,1,1380,2.0,2,7.0,0.53,0.5,0.34,0.18,1
7105,2017-11-01,1,1380,1.0,1,7.0,0.0,0.0,6.41,0.34,1
7105,2017-12-01,1,1380,7.0,7,7.0,1.58,0.43,10.29,6.41,1
7105,2018-01-01,1,1380,16.0,16,7.0,4.2,0.5,9.3,10.29,1
7105,2018-02-01,1,1380,17.0,17,7.0,3.68,0.41,5.32,9.3,1
7105,2018-03-01,1,1380,28.0,28,7.0,9.45,0.64,3.17,5.32,1
7105,2018-04-01,1,1380,21.0,24,7.0,6.3,0.5,4.29,3.17,1
7105,2018-05-01,1,1380,35.0,37,7.0,10.5,0.54,0.62,4.29,1
7105,2018-06-01,1,1380,9.0,9,7.0,2.63,0.56,0.61,0.62,1
7105,2018-07-01,1,1380,13.0,13,7.0,2.63,0.38,4.0,0.61,1
7105,2018-08-01,1,1380,11.0,21,7.0,7.35,0.67,0.23,4.0,1
7105,2018-09-01,1,1380,8.0,31,7.0,12.6,0.77,0.36,0.23,1
7105,2018-10-01,1,1380,3.0,3,7.0,1.58,1.0,0.56,0.36,1
7107,2016-12-01,0,664,14.0,85,3.8,108.87,0.56,4.39,1.55,0
7107,2017-01-01,0,664,21.0,181,3.8,281.25,0.69,5.64,4.39,0
7107,2017-02-01,0,664,14.0,127,3.8,204.13,0.71,3.42,5.64,0
7107,2017-03-01,0,664,14.0,152,3.8,233.62,0.68,5.78,3.42,0
7107,2017-04-01,0,664,14.0,142,3.8,197.33,0.61,4.8,5.78,0
7107,2017-05-01,0,664,14.0,207,3.8,333.41,0.71,0.57,4.8,0
7107,2017-06-01,0,664,101.0,154,3.8,195.06,0.56,1.12,0.57,0
7107,2017-07-01,0,664,118.0,122,3.8,179.18,0.65,0.82,1.12,0
7107,2017-08-01,0,664,96.0,96,3.8,117.94,0.54,0.36,0.82,0
7107,2017-09-01,0,664,69.0,70,3.8,102.06,0.64,0.18,0.36,0
7107,2017-10-01,0,664,90.0,90,3.8,131.55,0.64,0.34,0.18,0
7107,2017-11-01,0,664,84.0,84,3.8,106.6,0.56,6.41,0.34,0
7107,2017-12-01,0,664,93.0,93,3.8,124.75,0.59,10.29,6.41,0
7107,2018-01-01,0,664,191.0,193,3.8,283.51,0.65,9.3,10.29,0
7107,2018-02-01,0,664,151.0,152,3.8,238.15,0.69,5.32,9.3,0
7107,2018-03-01,0,664,190.0,195,3.8,303.93,0.69,3.17,5.32,0
7107,2018-04-01,0,664,242.0,243,3.8,412.8,0.75,4.29,3.17,0
7107,2018-05-01,0,664,179.0,184,3.8,240.42,0.58,0.62,4.29,0
7107,2018-06-01,0,664,129.0,130,3.8,210.93,0.72,0.61,0.62,0
7107,2018-07-01,0,664,165.0,167,3.8,278.98,0.74,4.0,0.61,0
7107,2018-08-01,0,664,133.0,133,3.8,188.25,0.62,0.23,4.0,0
7107,2018-09-01,0,664,132.0,135,3.8,222.27,0.73,0.36,0.23,0
7107,2018-10-01,0,664,87.0,90,3.8,142.89,0.7,0.56,0.36,0
7110,2016-12-01,1,1645,14.0,24,0.5,5.91,0.67,4.39,1.55,0
7110,2017-01-01,1,1645,14.0,60,0.5,14.04,0.63,5.64,4.39,0
7110,2017-02-01,1,1645,14.0,128,0.5,32.52,0.69,3.42,5.64,0
7110,2017-03-01,1,1645,14.0,116,0.5,24.39,0.57,5.78,3.42,0
7110,2017-04-01,1,1645,14.0,83,0.5,24.76,0.81,4.8,5.78,0
7110,2017-05-01,1,1645,14.0,93,0.5,21.8,0.63,0.57,4.8,0
7110,2017-06-01,1,1645,58.0,70,0.5,23.65,0.91,1.12,0.57,0
7110,2017-07-01,1,1645,85.0,85,0.5,23.65,0.75,0.82,1.12,0
7110,2017-08-01,1,1645,74.0,76,0.5,17.0,0.61,0.36,0.82,0
7110,2017-09-01,1,1645,94.0,95,0.5,21.06,0.6,0.18,0.36,0
7110,2017-10-01,1,1645,71.0,71,0.5,15.89,0.61,0.34,0.18,0
7110,2017-11-01,1,1645,69.0,69,0.5,14.78,0.58,6.41,0.34,0
7110,2017-12-01,1,1645,98.0,98,0.5,25.5,0.7,10.29,6.41,0
7110,2018-01-01,1,1645,391.0,436,0.5,75.02,0.47,9.3,10.29,0
7110,2018-02-01,1,1645,123.0,164,0.5,21.8,0.36,5.32,9.3,0
7110,2018-03-01,1,1645,169.0,208,0.5,38.43,0.5,3.17,5.32,0
7110,2018-04-01,1,1645,242.0,293,0.5,48.78,0.45,4.29,3.17,0
7110,2018-05-01,1,1645,178.0,249,0.5,42.87,0.47,0.62,4.29,0
7110,2018-06-01,1,1645,226.0,264,0.5,43.61,0.45,0.61,0.62,0
7110,2018-07-01,1,1645,215.0,251,0.5,39.91,0.43,4.0,0.61,0
7110,2018-08-01,1,1645,264.0,313,0.5,57.28,0.5,0.23,4.0,0
7110,2018-09-01,1,1645,170.0,171,0.5,22.54,0.36,0.36,0.23,0
7110,2018-10-01,1,1645,188.0,258,0.5,38.06,0.4,0.56,0.36,0
7111,2016-12-01,0,717,0.0,82,5.5,42.79,0.27,4.39,1.55,0
7111,2017-01-01,0,717,0.0,59,5.5,50.57,0.44,5.64,4.39,0
7111,2017-02-01,0,717,14.0,47,5.5,62.25,0.68,3.42,5.64,0
7111,2017-03-01,0,717,14.0,34,5.5,58.36,0.88,5.78,3.42,0
7111,2017-04-01,0,717,1.0,102,5.5,103.09,0.52,4.8,5.78,0
7111,2017-05-01,0,717,14.0,68,5.5,75.86,0.57,0.57,4.8,0
7111,2017-06-01,0,717,47.0,97,5.5,143.94,0.76,1.12,0.57,0
7111,2017-07-01,0,717,44.0,66,5.5,99.2,0.77,0.82,1.12,0
7111,2017-08-01,0,717,61.0,129,5.5,151.72,0.6,0.36,0.82,0
7111,2017-09-01,0,717,94.0,178,5.5,153.67,0.44,0.18,0.36,0
7111,2017-10-01,0,717,67.0,144,5.5,128.38,0.46,0.34,0.18,0
7111,2017-11-01,0,717,71.0,125,5.5,128.38,0.53,6.41,0.34,0
7111,2017-12-01,0,717,85.0,149,5.5,132.27,0.46,10.29,6.41,0
7111,2018-01-01,0,717,135.0,246,5.5,173.12,0.36,9.3,10.29,0
7111,2018-02-01,0,717,106.0,202,5.5,153.67,0.39,5.32,9.3,0
7111,2018-03-01,0,717,93.0,176,5.5,142.0,0.41,3.17,5.32,0
7111,2018-04-01,0,717,93.0,145,5.5,120.6,0.43,4.29,3.17,0
7111,2018-05-01,0,717,142.0,206,5.5,184.79,0.46,0.62,4.29,0
7111,2018-06-01,0,717,157.0,265,5.5,219.81,0.43,0.61,0.62,0
7111,2018-07-01,0,717,138.0,224,5.5,167.29,0.38,4.0,0.61,0
7111,2018-08-01,0,717,173.0,254,5.5,215.92,0.44,0.23,4.0,0
7111,2018-09-01,0,717,125.0,197,5.5,147.83,0.39,0.36,0.23,0
7111,2018-10-01,0,717,116.0,142,5.5,112.82,0.41,0.56,0.36,0
7112,2016-12-01,1,1524,14.0,38,5.9,8.18,0.5,4.39,1.55,0
7112,2017-01-01,1,1524,14.0,105,5.9,23.68,0.52,5.64,4.39,0
7112,2017-02-01,1,1524,14.0,134,5.9,38.32,0.66,3.42,5.64,0
7112,2017-03-01,1,1524,14.0,154,5.9,42.63,0.64,5.78,3.42,0
7112,2017-04-01,1,1524,14.0,123,5.9,31.0,0.59,4.8,5.78,0
7112,2017-05-01,1,1524,5.0,127,5.9,34.44,0.63,0.57,4.8,0
7112,2017-06-01,1,1524,87.0,109,5.9,40.04,0.85,1.12,0.57,0
7112,2017-07-01,1,1524,97.0,98,5.9,29.28,0.69,0.82,1.12,0
7112,2017-08-01,1,1524,109.0,109,5.9,28.42,0.61,0.36,0.82,0
7112,2017-09-01,1,1524,122.0,122,5.9,32.72,0.62,0.18,0.36,0
7112,2017-10-01,1,1524,137.0,138,5.9,33.15,0.56,0.34,0.18,0
7112,2017-11-01,1,1524,140.0,140,5.9,33.58,0.56,6.41,0.34,0
7112,2017-12-01,1,1524,113.0,113,5.9,29.28,0.6,10.29,6.41,0
7112,2018-01-01,1,1524,306.0,317,5.9,52.53,0.38,9.3,10.29,0
7112,2018-02-01,1,1524,190.0,196,5.9,30.14,0.36,5.32,9.3,0
7112,2018-03-01,1,1524,192.0,210,5.9,28.42,0.31,3.17,5.32,0
7112,2018-04-01,1,1524,244.0,263,5.9,43.49,0.38,4.29,3.17,0
7112,2018-05-01,1,1524,187.0,191,5.9,29.71,0.36,0.62,4.29,0
7112,2018-06-01,1,1524,228.0,228,5.9,44.78,0.46,0.61,0.62,0
7112,2018-07-01,1,1524,153.0,170,5.9,36.6,0.5,4.0,0.61,0
7112,2018-08-01,1,1524,157.0,206,5.9,41.33,0.47,0.23,4.0,0
7112,2018-09-01,1,1524,139.0,184,5.9,43.49,0.55,0.36,0.23,0
7112,2018-10-01,1,1524,144.0,152,5.9,19.81,0.3,0.56,0.36,0
7113,2016-12-01,0,2594,14.0,77,0.3,4.76,0.42,4.39,1.55,0
7113,2017-01-01,0,2594,14.0,202,0.3,20.95,0.7,5.64,4.39,0
7113,2017-02-01,0,2594,14.0,197,0.3,17.69,0.6,3.42,5.64,0
7113,2017-03-01,0,2594,14.0,198,0.3,15.01,0.51,5.78,3.42,0
7113,2017-04-01,0,2594,14.0,145,0.3,15.01,0.7,4.8,5.78,0
7113,2017-05-01,0,2594,6.0,363,0.3,30.91,0.57,0.57,4.8,0
7113,2017-06-01,0,2594,195.0,359,0.3,33.44,0.63,1.12,0.57,0
7113,2017-07-01,0,2594,317.0,317,0.3,27.94,0.59,0.82,1.12,0
7113,2017-08-01,0,2594,217.0,217,0.3,19.47,0.6,0.36,0.82,0
7113,2017-09-01,0,2594,81.0,81,0.3,8.17,0.68,0.18,0.36,0
7113,2017-10-01,0,2594,188.0,188,0.3,13.38,0.48,0.34,0.18,0
7113,2017-11-01,0,2594,286.0,286,0.3,23.78,0.56,6.41,0.34,0
7113,2017-12-01,0,2594,86.0,86,0.3,5.5,0.43,10.29,6.41,0
7113,2018-01-01,0,2594,276.0,276,0.3,21.99,0.54,9.3,10.29,0
7113,2018-02-01,0,2594,364.0,364,0.3,26.01,0.48,5.32,9.3,0
7113,2018-03-01,0,2594,366.0,366,0.3,27.2,0.5,3.17,5.32,0
7113,2018-04-01,0,2594,247.0,247,0.3,20.51,0.56,4.29,3.17,0
7113,2018-05-01,0,2594,285.0,285,0.3,29.13,0.69,0.62,4.29,0
7113,2018-06-01,0,2594,369.0,369,0.3,35.37,0.64,0.61,0.62,0
7113,2018-07-01,0,2594,408.0,410,0.3,38.05,0.62,4.0,0.61,0
7113,2018-08-01,0,2594,412.0,413,0.3,42.65,0.69,0.23,4.0,0
7113,2018-09-01,0,2594,260.0,261,0.3,24.67,0.64,0.36,0.23,0
7113,2018-10-01,0,2594,257.0,260,0.3,20.81,0.54,0.56,0.36,0
7114,2016-12-01,0,1092,14.0,5,3.4,2.52,0.6,4.39,1.55,0
7114,2017-01-01,0,1092,14.0,25,3.4,12.58,0.6,5.64,4.39,0
7114,2017-02-01,0,1092,14.0,9,3.4,6.71,0.89,3.42,5.64,0
7114,2017-03-01,0,1092,14.0,13,3.4,8.39,0.77,5.78,3.42,0
7114,2017-04-01,0,1092,14.0,5,3.4,4.19,1.0,4.8,5.78,0
7114,2017-05-01,0,1092,14.0,11,3.4,6.71,0.73,0.57,4.8,0
7114,2017-06-01,0,1092,8.0,12,3.4,10.06,1.0,1.12,0.57,0
7114,2017-07-01,0,1092,18.0,18,3.4,11.74,0.78,0.82,1.12,0
7114,2017-08-01,0,1092,20.0,20,3.4,14.26,0.85,0.36,0.82,0
7114,2017-09-01,0,1092,14.0,14,3.4,8.39,0.71,0.18,0.36,0
7114,2017-10-01,0,1092,13.0,13,3.4,6.71,0.62,0.34,0.18,0
7114,2017-11-01,0,1092,16.0,16,3.4,10.9,0.81,6.41,0.34,0
7114,2017-12-01,0,1092,20.0,20,3.4,12.58,0.75,10.29,6.41,0
7114,2018-01-01,0,1092,199.0,215,3.4,88.89,0.49,9.3,10.29,0
7114,2018-02-01,0,1092,171.0,180,3.4,65.41,0.43,5.32,9.3,0
7114,2018-03-01,0,1092,126.0,147,3.4,70.44,0.57,3.17,5.32,0
7114,2018-04-01,0,1092,175.0,186,3.4,77.99,0.5,4.29,3.17,0
7114,2018-05-01,0,1092,160.0,165,3.4,84.7,0.61,0.62,4.29,0
7114,2018-06-01,0,1092,149.0,149,3.4,72.12,0.58,0.61,0.62,0
7114,2018-07-01,0,1092,178.0,224,3.4,84.7,0.45,4.0,0.61,0
7114,2018-08-01,0,1092,159.0,219,3.4,86.38,0.47,0.23,4.0,0
7114,2018-09-01,0,1092,130.0,231,3.4,61.22,0.32,0.36,0.23,0
7114,2018-10-01,0,1092,157.0,287,3.4,68.77,0.29,0.56,0.36,0
7116,2016-12-01,0,1122,14.0,6,1.5,3.18,0.67,4.39,1.55,0
7116,2017-01-01,0,1122,14.0,6,1.5,3.18,0.67,5.64,4.39,0
7116,2017-02-01,0,1122,14.0,46,1.5,24.62,0.67,3.42,5.64,0
7116,2017-03-01,0,1122,14.0,41,1.5,23.04,0.71,5.78,3.42,0
7116,2017-04-01,0,1122,14.0,64,1.5,37.33,0.73,4.8,5.78,0
7116,2017-05-01,0,1122,0.0,74,1.5,46.07,0.78,0.57,4.8,0
7116,2017-06-01,0,1122,34.0,61,1.5,39.72,0.82,1.12,0.57,0
7116,2017-07-01,0,1122,78.0,78,1.5,35.75,0.58,0.82,1.12,0
7116,2017-08-01,0,1122,54.0,54,1.5,30.19,0.7,0.36,0.82,0
7116,2017-09-01,0,1122,51.0,54,1.5,28.6,0.67,0.18,0.36,0
7116,2017-10-01,0,1122,56.0,56,1.5,24.62,0.55,0.34,0.18,0
7116,2017-11-01,0,1122,27.0,28,1.5,15.09,0.68,6.41,0.34,0
7116,2017-12-01,0,1122,39.0,39,1.5,23.04,0.74,10.29,6.41,0
7116,2018-01-01,0,1122,67.0,68,1.5,38.92,0.72,9.3,10.29,0
7116,2018-02-01,0,1122,64.0,65,1.5,30.19,0.58,5.32,9.3,0
7116,2018-03-01,0,1122,72.0,74,1.5,41.31,0.7,3.17,5.32,0
7116,2018-04-01,0,1122,89.0,89,1.5,50.04,0.71,4.29,3.17,0
7116,2018-05-01,0,1122,96.0,98,1.5,69.11,0.89,0.62,4.29,0
7116,2018-06-01,0,1122,87.0,89,1.5,54.81,0.78,0.61,0.62,0
7116,2018-07-01,0,1122,76.0,77,1.5,46.07,0.75,4.0,0.61,0
7116,2018-08-01,0,1122,69.0,69,1.5,35.75,0.65,0.23,4.0,0
7116,2018-09-01,0,1122,63.0,63,1.5,34.16,0.68,0.36,0.23,0
7116,2018-10-01,0,1122,66.0,67,1.5,36.54,0.69,0.56,0.36,0
7117,2016-12-01,0,558,14.0,13,7.0,19.27,0.46,4.39,1.55,1
7117,2017-01-01,0,558,14.0,26,7.0,70.66,0.85,5.64,4.39,1
7117,2017-02-01,0,558,14.0,68,7.0,189.49,0.87,3.42,5.64,1
7117,2017-03-01,0,558,1.0,36,7.0,64.23,0.56,5.78,3.42,1
7117,2017-04-01,0,558,14.0,52,7.0,122.04,0.73,4.8,5.78,1
7117,2017-05-01,0,558,1.0,68,7.0,163.8,0.75,0.57,4.8,1
7117,2017-06-01,0,558,30.0,49,7.0,115.62,0.73,1.12,0.57,1
7117,2017-07-01,0,558,61.0,61,7.0,154.16,0.79,0.82,1.12,1
7117,2017-08-01,0,558,48.0,49,7.0,115.62,0.73,0.36,0.82,1
7117,2017-09-01,0,558,51.0,51,7.0,99.56,0.61,0.18,0.36,1
7117,2017-10-01,0,558,52.0,52,7.0,89.93,0.54,0.34,0.18,1
7117,2017-11-01,0,558,17.0,17,7.0,28.91,0.53,6.41,0.34,1
7117,2017-12-01,0,558,40.0,41,7.0,86.72,0.66,10.29,6.41,1
7117,2018-01-01,0,558,55.0,55,7.0,134.89,0.76,9.3,10.29,1
7117,2018-02-01,0,558,71.0,72,7.0,118.83,0.51,5.32,9.3,1
7117,2018-03-01,0,558,62.0,62,7.0,115.62,0.58,3.17,5.32,1
7117,2018-04-01,0,558,58.0,58,7.0,96.35,0.52,4.29,3.17,1
7117,2018-05-01,0,558,69.0,70,7.0,173.43,0.77,0.62,4.29,1
7117,2018-06-01,0,558,55.0,56,7.0,125.26,0.7,0.61,0.62,1
7117,2018-07-01,0,558,53.0,53,7.0,105.99,0.62,4.0,0.61,1
7117,2018-08-01,0,558,56.0,57,7.0,122.04,0.67,0.23,4.0,1
7117,2018-09-01,0,558,83.0,84,7.0,211.97,0.79,0.36,0.23,1
7117,2018-10-01,0,558,59.0,60,7.0,105.99,0.55,0.56,0.36,1
7119,2016-12-01,1,614,14.0,12,7.0,21.22,0.67,4.39,1.55,1
7119,2017-01-01,1,614,14.0,12,7.0,26.53,0.83,5.64,4.39,1
7119,2017-02-01,1,614,14.0,26,7.0,53.05,0.77,3.42,5.64,1
7119,2017-03-01,1,614,14.0,13,7.0,23.87,0.69,5.78,3.42,1
7119,2017-04-01,1,614,14.0,13,7.0,13.26,0.38,4.8,5.78,1
7119,2017-05-01,1,614,14.0,23,7.0,45.09,0.74,0.57,4.8,1
7119,2017-06-01,1,614,7.0,17,7.0,21.22,0.47,1.12,0.57,1
7119,2017-07-01,1,614,22.0,22,7.0,34.48,0.59,0.82,1.12,1
7119,2017-08-01,1,614,13.0,13,7.0,18.57,0.54,0.36,0.82,1
7119,2017-09-01,1,614,12.0,12,7.0,13.26,0.42,0.18,0.36,1
7119,2017-10-01,1,614,20.0,20,7.0,29.18,0.55,0.34,0.18,1
7119,2017-11-01,1,614,15.0,15,7.0,29.18,0.73,6.41,0.34,1
7119,2017-12-01,1,614,19.0,19,7.0,26.53,0.53,10.29,6.41,1
7119,2018-01-01,1,614,37.0,37,7.0,76.92,0.78,9.3,10.29,1
7119,2018-02-01,1,614,19.0,19,7.0,23.87,0.47,5.32,9.3,1
7119,2018-03-01,1,614,34.0,34,7.0,37.14,0.41,3.17,5.32,1
7119,2018-04-01,1,614,33.0,34,7.0,58.36,0.65,4.29,3.17,1
7119,2018-05-01,1,614,7.0,7,7.0,10.61,0.57,0.62,4.29,1
7119,2018-06-01,1,614,7.0,7,7.0,10.61,0.57,0.61,0.62,1
7119,2018-07-01,1,614,16.0,16,7.0,29.18,0.69,4.0,0.61,1
7119,2018-08-01,1,614,12.0,12,7.0,13.26,0.42,0.23,4.0,1
7119,2018-09-01,1,614,11.0,11,7.0,15.92,0.55,0.36,0.23,1
7119,2018-10-01,1,614,13.0,14,7.0,21.22,0.57,0.56,0.36,1
7120,2016-12-01,0,395,14.0,3,3.7,6.41,0.33,4.39,1.55,0
7120,2017-01-01,0,395,14.0,11,3.7,51.27,0.73,5.64,4.39,0
7120,2017-02-01,0,395,14.0,11,3.7,64.09,0.91,3.42,5.64,0
7120,2017-03-01,0,395,14.0,6,3.7,25.64,0.67,5.78,3.42,0
7120,2017-04-01,0,395,14.0,21,3.7,70.5,0.52,4.8,5.78,0
7120,2017-05-01,0,395,14.0,17,3.7,32.05,0.29,0.57,4.8,0
7120,2017-06-01,0,395,20.0,30,3.7,128.18,0.67,1.12,0.57,0
7120,2017-07-01,0,395,13.0,13,3.7,38.46,0.46,0.82,1.12,0
7120,2017-08-01,0,395,7.0,7,3.7,19.23,0.43,0.36,0.82,0
7120,2017-09-01,0,395,5.0,5,3.7,6.41,0.2,0.18,0.36,0
7120,2017-10-01,0,395,13.0,13,3.7,19.23,0.23,0.34,0.18,0
7120,2017-11-01,0,395,4.0,4,3.7,19.23,0.75,6.41,0.34,0
7120,2017-12-01,0,395,13.0,13,3.7,38.46,0.46,10.29,6.41,0
7120,2018-01-01,0,395,34.0,34,3.7,121.78,0.56,9.3,10.29,0
7120,2018-02-01,0,395,15.0,16,3.7,70.5,0.69,5.32,9.3,0
7120,2018-03-01,0,395,38.0,38,3.7,160.23,0.66,3.17,5.32,0
7120,2018-04-01,0,395,43.0,44,3.7,160.23,0.57,4.29,3.17,0
7120,2018-05-01,0,395,37.0,37,3.7,179.46,0.76,0.62,4.29,0
7120,2018-06-01,0,395,37.0,37,3.7,147.41,0.62,0.61,0.62,0
7120,2018-07-01,0,395,18.0,18,3.7,70.5,0.61,4.0,0.61,0
7120,2018-08-01,0,395,27.0,27,3.7,76.91,0.44,0.23,4.0,0
7120,2018-09-01,0,395,20.0,21,3.7,57.68,0.43,0.36,0.23,0
7120,2018-10-01,0,395,14.0,14,3.7,25.64,0.29,0.56,0.36,0
7121,2016-12-01,0,140,14.0,1,7.0,51.02,1.0,4.39,1.55,1
7121,2017-01-01,0,140,14.0,3,7.0,102.04,0.67,5.64,4.39,1
7121,2017-02-01,0,140,14.0,2,7.0,102.04,1.0,3.42,5.64,1
7121,2017-03-01,0,140,14.0,5,7.0,204.08,0.8,5.78,3.42,1
7121,2017-04-01,0,140,14.0,6,7.0,204.08,0.67,4.8,5.78,1
7121,2017-05-01,0,140,14.0,2,7.0,51.02,0.5,0.57,4.8,1
7121,2017-07-01,0,140,1.0,1,7.0,51.02,1.0,0.82,0.57,1
7121,2017-10-01,0,140,2.0,2,7.0,0.0,0.0,0.34,0.82,1
7121,2017-11-01,0,140,2.0,2,7.0,51.02,0.5,6.41,0.34,1
7121,2017-12-01,0,140,1.0,1,7.0,51.02,1.0,10.29,6.41,1
7121,2018-01-01,0,140,6.0,6,7.0,204.08,0.67,9.3,10.29,1
7121,2018-02-01,0,140,1.0,1,7.0,0.0,0.0,5.32,9.3,1
7121,2018-03-01,0,140,5.0,6,7.0,306.12,1.0,3.17,5.32,1
7121,2018-04-01,0,140,3.0,3,7.0,153.06,1.0,4.29,3.17,1
7121,2018-05-01,0,140,15.0,16,7.0,663.27,0.81,0.62,4.29,1
7121,2018-06-01,0,140,2.0,2,7.0,51.02,0.5,0.61,0.62,1
7121,2018-07-01,0,140,7.0,8,7.0,51.02,0.12,4.0,0.61,1
7121,2018-08-01,0,140,1.0,1,7.0,0.0,0.0,0.23,4.0,1
7121,2018-09-01,0,140,17.0,17,7.0,561.22,0.65,0.36,0.23,1
7121,2018-10-01,0,140,10.0,10,7.0,408.16,0.8,0.56,0.36,1
7122,2016-12-01,0,142,14.0,8,2.0,347.15,0.88,4.39,1.55,0
7122,2017-01-01,0,142,0.0,25,2.0,644.71,0.52,5.64,4.39,0
7122,2017-02-01,0,142,14.0,25,2.0,892.68,0.72,3.42,5.64,0
7122,2017-03-01,0,142,14.0,23,2.0,644.71,0.57,5.78,3.42,0
7122,2017-04-01,0,142,14.0,13,2.0,396.75,0.62,4.8,5.78,0
7122,2017-05-01,0,142,14.0,16,2.0,446.34,0.56,0.57,4.8,0
7122,2017-06-01,0,142,12.0,19,2.0,843.09,0.89,1.12,0.57,0
7122,2017-07-01,0,142,21.0,21,2.0,644.71,0.62,0.82,1.12,0
7122,2017-08-01,0,142,19.0,19,2.0,694.31,0.74,0.36,0.82,0
7122,2017-09-01,0,142,5.0,5,2.0,198.37,0.8,0.18,0.36,0
7122,2017-10-01,0,142,16.0,17,2.0,446.34,0.53,0.34,0.18,0
7122,2017-11-01,0,142,13.0,13,2.0,247.97,0.38,6.41,0.34,0
7122,2017-12-01,0,142,17.0,17,2.0,595.12,0.71,10.29,6.41,0
7122,2018-01-01,0,142,28.0,28,2.0,743.9,0.54,9.3,10.29,0
7122,2018-02-01,0,142,24.0,24,2.0,446.34,0.38,5.32,9.3,0
7122,2018-03-01,0,142,28.0,28,2.0,892.68,0.64,3.17,5.32,0
7122,2018-06-01,0,142,16.0,16,2.0,644.71,0.81,0.61,3.17,0
7122,2018-07-01,0,142,25.0,25,2.0,595.12,0.48,4.0,0.61,0
7122,2018-08-01,0,142,10.0,10,2.0,148.78,0.3,0.23,4.0,0
7122,2018-09-01,0,142,1.0,1,2.0,49.59,1.0,0.36,0.23,0
7122,2018-10-01,0,142,12.0,13,2.0,297.56,0.46,0.56,0.36,0
7123,2016-12-01,0,354,14.0,3,3.4,15.96,0.67,4.39,1.55,0
7123,2017-01-01,0,354,14.0,4,3.4,31.92,1.0,5.64,4.39,0
7123,2017-02-01,0,354,14.0,7,3.4,39.9,0.71,3.42,5.64,0
7123,2017-03-01,0,354,14.0,3,3.4,15.96,0.67,5.78,3.42,0
7123,2017-04-01,0,354,14.0,3,3.4,15.96,0.67,4.8,5.78,0
7123,2017-05-01,0,354,14.0,4,3.4,23.94,0.75,0.57,4.8,0
7123,2017-06-01,0,354,3.0,7,3.4,39.9,0.71,1.12,0.57,0
7123,2017-07-01,0,354,1.0,1,3.4,7.98,1.0,0.82,1.12,0
7123,2017-08-01,0,354,4.0,4,3.4,15.96,0.5,0.36,0.82,0
7123,2017-10-01,0,354,2.0,2,3.4,15.96,1.0,0.34,0.36,0
7123,2017-11-01,0,354,2.0,2,3.4,15.96,1.0,6.41,0.34,0
7123,2018-03-01,0,354,1.0,1,3.4,7.98,1.0,3.17,6.41,0
7123,2018-04-01,0,354,5.0,5,3.4,7.98,0.2,4.29,3.17,0
7123,2018-05-01,0,354,12.0,12,3.4,55.86,0.58,0.62,4.29,0
7123,2018-06-01,0,354,2.0,2,3.4,15.96,1.0,0.61,0.62,0
7123,2018-07-01,0,354,3.0,3,3.4,15.96,0.67,4.0,0.61,0
7124,2016-12-01,0,240,0.0,5,7.0,69.44,0.8,4.39,1.55,1
7124,2017-01-01,0,240,0.0,25,7.0,329.86,0.76,5.64,4.39,1
7124,2017-02-01,0,240,0.0,4,7.0,52.08,0.75,3.42,5.64,1
7124,2017-03-01,0,240,0.0,22,7.0,173.61,0.45,5.78,3.42,1
7124,2017-04-01,0,240,0.0,19,7.0,243.06,0.74,4.8,5.78,1
7124,2017-05-01,0,240,14.0,3,7.0,52.08,1.0,0.57,4.8,1
7124,2017-06-01,0,240,2.0,2,7.0,17.36,0.5,1.12,0.57,1
7124,2017-07-01,0,240,2.0,19,7.0,225.69,0.68,0.82,1.12,1
7124,2017-08-01,0,240,6.0,18,7.0,190.97,0.61,0.36,0.82,1
7124,2017-09-01,0,240,1.0,11,7.0,121.53,0.64,0.18,0.36,1
7124,2017-10-01,0,240,2.0,3,7.0,17.36,0.33,0.34,0.18,1
7124,2017-11-01,0,240,3.0,6,7.0,34.72,0.33,6.41,0.34,1
7124,2017-12-01,0,240,1.0,24,7.0,156.25,0.38,10.29,6.41,1
7124,2018-01-01,0,240,0.0,24,7.0,260.42,0.62,9.3,10.29,1
7124,2018-02-01,0,240,0.0,36,7.0,329.86,0.53,5.32,9.3,1
7124,2018-03-01,0,240,1.0,41,7.0,451.39,0.63,3.17,5.32,1
7124,2018-04-01,0,240,7.0,57,7.0,590.28,0.6,4.29,3.17,1
7124,2018-05-01,0,240,3.0,43,7.0,381.94,0.51,0.62,4.29,1
7124,2018-06-01,0,240,8.0,34,7.0,416.67,0.71,0.61,0.62,1
7124,2018-07-01,0,240,2.0,33,7.0,416.67,0.73,4.0,0.61,1
7124,2018-09-01,0,240,1.0,1,7.0,0.0,0.0,0.36,4.0,1
7124,2018-10-01,0,240,1.0,1,7.0,17.36,1.0,0.56,0.36,1
7125,2016-12-01,1,846,0.0,11,13.6,8.38,0.55,4.39,1.55,0
7125,2017-01-01,1,846,0.0,52,13.6,46.11,0.63,5.64,4.39,0
7125,2017-02-01,1,846,0.0,11,13.6,8.38,0.55,3.42,5.64,0
7125,2017-03-01,1,846,0.0,28,13.6,22.36,0.57,5.78,3.42,0
7125,2017-04-01,1,846,0.0,7,13.6,4.19,0.43,4.8,5.78,0
7125,2017-05-01,1,846,14.0,1,13.6,0.0,0.0,0.57,4.8,0
7125,2017-06-01,1,846,1.0,1,13.6,1.4,1.0,1.12,0.57,0
7125,2017-07-01,1,846,1.0,14,13.6,11.18,0.57,0.82,1.12,0
7125,2017-08-01,1,846,0.0,35,13.6,33.53,0.69,0.36,0.82,0
7125,2017-09-01,1,846,1.0,23,13.6,20.96,0.65,0.18,0.36,0
7125,2017-10-01,1,846,2.0,3,13.6,0.0,0.0,0.34,0.18,0
7125,2017-11-01,1,846,1.0,9,13.6,6.99,0.56,6.41,0.34,0
7125,2017-12-01,1,846,0.0,22,13.6,12.57,0.41,10.29,6.41,0
7125,2018-01-01,1,846,0.0,33,13.6,25.15,0.55,9.3,10.29,0
7125,2018-02-01,1,846,1.0,39,13.6,23.75,0.44,5.32,9.3,0
7125,2018-03-01,1,846,0.0,26,13.6,19.56,0.54,3.17,5.32,0
7125,2018-04-01,1,846,3.0,47,13.6,33.53,0.51,4.29,3.17,0
7125,2018-05-01,1,846,2.0,75,13.6,55.89,0.53,0.62,4.29,0
7125,2018-06-01,1,846,2.0,34,13.6,26.55,0.56,0.61,0.62,0
7125,2018-07-01,1,846,0.0,30,13.6,25.15,0.6,4.0,0.61,0
7126,2016-12-01,1,1530,0.0,22,8.7,6.41,0.68,4.39,1.55,0
7126,2017-01-01,1,1530,0.0,45,8.7,11.96,0.62,5.64,4.39,0
7126,2017-02-01,1,1530,0.0,43,8.7,14.95,0.81,3.42,5.64,0
7126,2017-03-01,1,1530,0.0,34,8.7,8.54,0.59,5.78,3.42,0
7126,2017-04-01,1,1530,0.0,35,8.7,10.25,0.69,4.8,5.78,0
7126,2017-05-01,1,1530,0.0,23,8.7,4.7,0.48,0.57,4.8,0
7126,2017-06-01,1,1530,5.0,21,8.7,3.84,0.43,1.12,0.57,0
7126,2017-07-01,1,1530,14.0,24,8.7,4.7,0.46,0.82,1.12,0
7126,2017-08-01,1,1530,15.0,36,8.7,9.4,0.61,0.36,0.82,0
7126,2017-09-01,1,1530,9.0,34,8.7,9.83,0.68,0.18,0.36,0
7126,2017-10-01,1,1530,10.0,32,8.7,7.69,0.56,0.34,0.18,0
7126,2017-11-01,1,1530,8.0,27,8.7,5.13,0.44,6.41,0.34,0
7126,2017-12-01,1,1530,3.0,18,8.7,5.55,0.72,10.29,6.41,0
7126,2018-01-01,1,1530,16.0,37,8.7,10.68,0.68,9.3,10.29,0
7126,2018-02-01,1,1530,10.0,38,8.7,5.55,0.34,5.32,9.3,0
7126,2018-03-01,1,1530,9.0,49,8.7,13.24,0.63,3.17,5.32,0
7126,2018-04-01,1,1530,13.0,54,8.7,13.67,0.59,4.29,3.17,0
7126,2018-05-01,1,1530,30.0,65,8.7,22.64,0.82,0.62,4.29,0
7126,2018-06-01,1,1530,12.0,38,8.7,13.24,0.82,0.61,0.62,0
7126,2018-07-01,1,1530,5.0,62,8.7,17.94,0.68,4.0,0.61,0
7126,2018-08-01,1,1530,16.0,26,8.7,2.56,0.23,0.23,4.0,0
7126,2018-09-01,1,1530,26.0,35,8.7,7.26,0.49,0.36,0.23,0
7126,2018-10-01,1,1530,20.0,27,8.7,5.98,0.52,0.56,0.36,0
7127,2016-12-01,1,816,14.0,3,6.3,3.0,0.67,4.39,1.55,0
7127,2017-01-01,1,816,14.0,5,6.3,3.0,0.4,5.64,4.39,0
7127,2017-02-01,1,816,14.0,3,6.3,3.0,0.67,3.42,5.64,0
7127,2017-03-01,1,816,0.0,5,6.3,6.01,0.8,5.78,3.42,0
7127,2017-04-01,1,816,14.0,5,6.3,1.5,0.2,4.8,5.78,0
7127,2017-05-01,1,816,14.0,3,6.3,4.51,1.0,0.57,4.8,0
7127,2017-06-01,1,816,4.0,8,6.3,9.01,0.75,1.12,0.57,0
7127,2017-07-01,1,816,12.0,12,6.3,9.01,0.5,0.82,1.12,0
7127,2017-08-01,1,816,12.0,12,6.3,9.01,0.5,0.36,0.82,0
7127,2017-09-01,1,816,8.0,8,6.3,6.01,0.5,0.18,0.36,0
7127,2017-10-01,1,816,7.0,8,6.3,7.51,0.62,0.34,0.18,0
7127,2017-11-01,1,816,2.0,2,6.3,3.0,1.0,6.41,0.34,0
7127,2017-12-01,1,816,4.0,4,6.3,1.5,0.25,10.29,6.41,0
7127,2018-01-01,1,816,11.0,11,6.3,10.51,0.64,9.3,10.29,0
7127,2018-02-01,1,816,9.0,9,6.3,4.51,0.33,5.32,9.3,0
7127,2018-03-01,1,816,6.0,6,6.3,6.01,0.67,3.17,5.32,0
7127,2018-04-01,1,816,3.0,3,6.3,3.0,0.67,4.29,3.17,0
7127,2018-05-01,1,816,9.0,9,6.3,12.01,0.89,0.62,4.29,0
7127,2018-06-01,1,816,2.0,2,6.3,3.0,1.0,0.61,0.62,0
7127,2018-08-01,1,816,2.0,2,6.3,0.0,0.0,0.23,0.61,0
7127,2018-09-01,1,816,2.0,2,6.3,3.0,1.0,0.36,0.23,0
7128,2016-12-01,0,264,14.0,3,4.6,14.35,0.33,4.39,1.55,0
7128,2017-01-01,0,264,14.0,6,4.6,43.04,0.5,5.64,4.39,0
7128,2017-02-01,0,264,14.0,13,4.6,157.83,0.85,3.42,5.64,0
7128,2017-03-01,0,264,14.0,19,4.6,186.52,0.68,5.78,3.42,0
7128,2017-04-01,0,264,14.0,10,4.6,86.09,0.6,4.8,5.78,0
7128,2017-05-01,0,264,14.0,9,4.6,100.44,0.78,0.57,4.8,0
7128,2017-06-01,0,264,4.0,11,4.6,114.78,0.73,1.12,0.57,0
7128,2017-07-01,0,264,3.0,4,4.6,43.04,0.75,0.82,1.12,0
7128,2017-08-01,0,264,3.0,6,4.6,71.74,0.83,0.36,0.82,0
7128,2017-09-01,0,264,9.0,21,4.6,229.57,0.76,0.18,0.36,0
7128,2017-10-01,0,264,7.0,16,4.6,186.52,0.81,0.34,0.18,0
7128,2017-11-01,0,264,2.0,8,4.6,100.44,0.88,6.41,0.34,0
7128,2017-12-01,0,264,8.0,8,4.6,57.39,0.5,10.29,6.41,0
7128,2018-01-01,0,264,12.0,22,4.6,172.18,0.55,9.3,10.29,0
7128,2018-02-01,0,264,5.0,19,4.6,200.87,0.74,5.32,9.3,0
7128,2018-03-01,0,264,14.0,27,4.6,200.87,0.52,3.17,5.32,0
7128,2018-04-01,0,264,12.0,22,4.6,229.57,0.73,4.29,3.17,0
7128,2018-05-01,0,264,14.0,22,4.6,272.61,0.86,0.62,4.29,0
7128,2018-06-01,0,264,3.0,20,4.6,229.57,0.8,0.61,0.62,0
7128,2018-07-01,0,264,6.0,13,4.6,172.18,0.92,4.0,0.61,0
7128,2018-08-01,0,264,9.0,9,4.6,71.74,0.56,0.23,4.0,0
7128,2018-09-01,0,264,14.0,14,4.6,172.18,0.86,0.36,0.23,0
7128,2018-10-01,0,264,8.0,8,4.6,100.44,0.88,0.56,0.36,0
7129,2017-06-01,1,449,1.0,1,6.3,4.96,1.0,1.12,0.57,0
7129,2017-07-01,1,449,1.0,1,6.3,4.96,1.0,0.82,1.12,0
7129,2017-10-01,1,449,0.0,4,6.3,19.84,1.0,0.34,0.82,0
7129,2017-11-01,1,449,0.0,1,6.3,4.96,1.0,6.41,0.34,0
7129,2018-01-01,1,449,0.0,8,6.3,39.68,1.0,9.3,6.41,0
7129,2018-02-01,1,449,2.0,12,6.3,44.64,0.75,5.32,9.3,0
7129,2018-03-01,1,449,1.0,8,6.3,34.72,0.88,3.17,5.32,0
7129,2018-04-01,1,449,1.0,17,6.3,74.4,0.88,4.29,3.17,0
7129,2018-05-01,1,449,3.0,21,6.3,94.25,0.9,0.62,4.29,0
7129,2018-06-01,1,449,0.0,15,6.3,69.44,0.93,0.61,0.62,0
7129,2018-07-01,1,449,3.0,14,6.3,64.48,0.93,4.0,0.61,0
7129,2018-09-01,1,449,1.0,1,6.3,4.96,1.0,0.36,4.0,0
7130,2016-12-01,1,800,14.0,1,5.3,1.56,1.0,4.39,1.55,0
7130,2017-01-01,1,800,14.0,9,5.3,9.38,0.67,5.64,4.39,0
7130,2017-02-01,1,800,14.0,8,5.3,9.38,0.75,3.42,5.64,0
7130,2017-03-01,1,800,14.0,3,5.3,1.56,0.33,5.78,3.42,0
7130,2017-04-01,1,800,14.0,1,5.3,1.56,1.0,4.8,5.78,0
7130,2017-09-01,1,800,0.0,1,5.3,0.0,0.0,0.18,4.8,0
7130,2018-04-01,1,800,0.0,1,5.3,0.0,0.0,4.29,0.18,0
7130,2018-07-01,1,800,1.0,2,5.3,1.56,0.5,4.0,4.29,0
7130,2018-08-01,1,800,2.0,58,5.3,56.25,0.62,0.23,4.0,0
7130,2018-09-01,1,800,6.0,10,5.3,12.5,0.8,0.36,0.23,0
7130,2018-10-01,1,800,1.0,56,5.3,17.19,0.2,0.56,0.36,0
7132,2016-12-01,0,738,14.0,1,20.0,0.0,0.0,4.39,1.55,0
7132,2017-01-01,0,738,0.0,2,20.0,3.67,1.0,5.64,4.39,0
7132,2017-07-01,0,738,1.0,1,20.0,0.0,0.0,0.82,5.64,0
7132,2017-08-01,0,738,0.0,2,20.0,1.84,0.5,0.36,0.82,0
7132,2017-09-01,0,738,0.0,2,20.0,3.67,1.0,0.18,0.36,0
7132,2017-12-01,0,738,0.0,1,20.0,0.0,0.0,10.29,6.41,0
7132,2018-01-01,0,738,0.0,1,20.0,1.84,1.0,9.3,10.29,0
7132,2018-05-01,0,738,0.0,1,20.0,1.84,1.0,0.62,9.3,0
7132,2018-06-01,0,738,0.0,3,20.0,3.67,0.67,0.61,0.62,0
7132,2018-07-01,0,738,0.0,9,20.0,7.34,0.44,4.0,0.61,0
7132,2018-08-01,0,738,0.0,3,20.0,1.84,0.33,0.23,4.0,0
7133,2016-12-01,1,150,14.0,1,9.8,0.0,0.0,4.39,1.55,0
7133,2017-01-01,1,150,14.0,2,9.8,44.44,0.5,5.64,4.39,0
7133,2017-02-01,1,150,14.0,3,9.8,133.33,1.0,3.42,5.64,0
7133,2017-06-01,1,150,2.0,2,9.8,88.89,1.0,1.12,0.57,0
7133,2017-09-01,1,150,1.0,1,9.8,44.44,1.0,0.18,1.12,0
7133,2017-11-01,1,150,1.0,1,9.8,0.0,0.0,6.41,0.18,0
7133,2017-12-01,1,150,1.0,1,9.8,44.44,1.0,10.29,6.41,0
7133,2018-01-01,1,150,3.0,3,9.8,88.89,0.67,9.3,10.29,0
7133,2018-02-01,1,150,4.0,5,9.8,177.78,0.8,5.32,9.3,0
7133,2018-03-01,1,150,9.0,10,9.8,266.67,0.6,3.17,5.32,0
7133,2018-04-01,1,150,8.0,8,9.8,133.33,0.38,4.29,3.17,0
7133,2018-05-01,1,150,8.0,9,9.8,222.22,0.56,0.62,4.29,0
7133,2018-07-01,1,150,5.0,5,9.8,222.22,1.0,4.0,0.62,0
7133,2018-08-01,1,150,17.0,17,9.8,355.56,0.47,0.23,4.0,0
7133,2018-09-01,1,150,10.0,10,9.8,311.11,0.7,0.36,0.23,0
7133,2018-10-01,1,150,13.0,13,9.8,400.0,0.69,0.56,0.36,0
7134,2016-12-01,1,244,14.0,7,5.8,33.59,0.29,4.39,1.55,0
7134,2017-01-01,1,244,14.0,9,5.8,67.19,0.44,5.64,4.39,0
7134,2017-02-01,1,244,14.0,7,5.8,100.78,0.86,3.42,5.64,0
7134,2017-03-01,1,244,14.0,13,5.8,100.78,0.46,5.78,3.42,0
7134,2017-04-01,1,244,14.0,5,5.8,16.8,0.2,4.8,5.78,0
7134,2017-05-01,1,244,14.0,10,5.8,117.58,0.7,0.57,4.8,0
7134,2017-06-01,1,244,7.0,14,5.8,151.17,0.64,1.12,0.57,0
7134,2017-07-01,1,244,9.0,9,5.8,67.19,0.44,0.82,1.12,0
7134,2017-08-01,1,244,4.0,4,5.8,16.8,0.25,0.36,0.82,0
7134,2017-09-01,1,244,15.0,16,5.8,67.19,0.25,0.18,0.36,0
7134,2017-10-01,1,244,6.0,7,5.8,67.19,0.57,0.34,0.18,0
7134,2017-11-01,1,244,6.0,6,5.8,16.8,0.17,6.41,0.34,0
7134,2017-12-01,1,244,3.0,3,5.8,33.59,0.67,10.29,6.41,0
7134,2018-01-01,1,244,12.0,14,5.8,151.17,0.64,9.3,10.29,0
7134,2018-02-01,1,244,4.0,4,5.8,16.8,0.25,5.32,9.3,0
7134,2018-03-01,1,244,10.0,10,5.8,67.19,0.4,3.17,5.32,0
7134,2018-04-01,1,244,14.0,14,5.8,117.58,0.5,4.29,3.17,0
7134,2018-05-01,1,244,10.0,10,5.8,83.98,0.5,0.62,4.29,0
7134,2018-06-01,1,244,10.0,10,5.8,50.39,0.3,0.61,0.62,0
7134,2018-07-01,1,244,9.0,9,5.8,67.19,0.44,4.0,0.61,0
7134,2018-08-01,1,244,7.0,7,5.8,50.39,0.43,0.23,4.0,0
7134,2018-09-01,1,244,10.0,11,5.8,100.78,0.55,0.36,0.23,0
7134,2018-10-01,1,244,8.0,8,5.8,67.19,0.5,0.56,0.36,0
7135,2017-01-01,0,743,14.0,11,7.0,12.68,0.64,5.64,4.39,1
7135,2017-02-01,0,743,14.0,17,7.0,18.11,0.59,3.42,5.64,1
7135,2017-03-01,0,743,14.0,3,7.0,3.62,0.67,5.78,3.42,1
7135,2017-04-01,0,743,14.0,11,7.0,12.68,0.64,4.8,5.78,1
7135,2017-05-01,0,743,14.0,24,7.0,36.23,0.83,0.57,4.8,1
7135,2017-06-01,0,743,7.0,10,7.0,12.68,0.7,1.12,0.57,1
7135,2017-07-01,0,743,24.0,24,7.0,25.36,0.58,0.82,1.12,1
7135,2017-08-01,0,743,6.0,30,7.0,41.66,0.77,0.36,0.82,1
7135,2017-09-01,0,743,12.0,88,7.0,112.31,0.7,0.18,0.36,1
7135,2017-10-01,0,743,8.0,31,7.0,47.1,0.84,0.34,0.18,1
7135,2017-11-01,0,743,6.0,15,7.0,21.74,0.8,6.41,0.34,1
7135,2017-12-01,0,743,9.0,9,7.0,10.87,0.67,10.29,6.41,1
7135,2018-01-01,0,743,10.0,62,7.0,90.57,0.81,9.3,10.29,1
7135,2018-02-01,0,743,13.0,37,7.0,48.91,0.73,5.32,9.3,1
7135,2018-03-01,0,743,11.0,61,7.0,79.7,0.72,3.17,5.32,1
7135,2018-04-01,0,743,8.0,57,7.0,83.33,0.81,4.29,3.17,1
7135,2018-05-01,0,743,22.0,70,7.0,112.31,0.89,0.62,4.29,1
7135,2018-06-01,0,743,14.0,85,7.0,146.73,0.95,0.61,0.62,1
7135,2018-07-01,0,743,16.0,52,7.0,76.08,0.81,4.0,0.61,1
7135,2018-08-01,0,743,13.0,13,7.0,18.11,0.77,0.23,4.0,1
7135,2018-09-01,0,743,22.0,23,7.0,25.36,0.61,0.36,0.23,1
7135,2018-10-01,0,743,16.0,16,7.0,19.93,0.69,0.56,0.36,1
7136,2017-01-01,1,482,14.0,1,6.6,4.3,1.0,5.64,4.39,0
7136,2017-02-01,1,482,14.0,1,6.6,4.3,1.0,3.42,5.64,0
7136,2017-03-01,1,482,14.0,2,6.6,8.61,1.0,5.78,3.42,0
7136,2017-04-01,1,482,14.0,1,6.6,4.3,1.0,4.8,5.78,0
7136,2017-05-01,1,482,14.0,5,6.6,17.22,0.8,0.57,4.8,0
7136,2017-06-01,1,482,1.0,2,6.6,8.61,1.0,1.12,0.57,0
7136,2017-07-01,1,482,4.0,4,6.6,8.61,0.5,0.82,1.12,0
7136,2017-08-01,1,482,4.0,4,6.6,8.61,0.5,0.36,0.82,0
7136,2017-09-01,1,482,4.0,4,6.6,4.3,0.25,0.18,0.36,0
7136,2017-10-01,1,482,1.0,1,6.6,4.3,1.0,0.34,0.18,0
7136,2017-11-01,1,482,2.0,2,6.6,8.61,1.0,6.41,0.34,0
7136,2017-12-01,1,482,1.0,1,6.6,4.3,1.0,10.29,6.41,0
7136,2018-01-01,1,482,6.0,6,6.6,4.3,0.17,9.3,10.29,0
7136,2018-02-01,1,482,6.0,6,6.6,12.91,0.5,5.32,9.3,0
7136,2018-03-01,1,482,1.0,2,6.6,8.61,1.0,3.17,5.32,0
7136,2018-04-01,1,482,9.0,9,6.6,21.52,0.56,4.29,3.17,0
7136,2018-05-01,1,482,13.0,13,6.6,47.35,0.85,0.62,4.29,0
7136,2018-06-01,1,482,5.0,5,6.6,17.22,0.8,0.61,0.62,0
7136,2018-07-01,1,482,2.0,2,6.6,8.61,1.0,4.0,0.61,0
7136,2018-08-01,1,482,10.0,10,6.6,17.22,0.4,0.23,4.0,0
7136,2018-09-01,1,482,6.0,6,6.6,8.61,0.33,0.36,0.23,0
7136,2018-10-01,1,482,7.0,7,6.6,17.22,0.57,0.56,0.36,0
7139,2016-12-01,0,1360,14.0,3,11.4,1.08,0.67,4.39,1.55,0
7139,2017-01-01,0,1360,0.0,39,11.4,19.46,0.92,5.64,4.39,0
7139,2017-02-01,0,1360,0.0,63,11.4,32.98,0.97,3.42,5.64,0
7139,2017-03-01,0,1360,0.0,43,11.4,22.71,0.98,5.78,3.42,0
7139,2017-05-01,0,1360,0.0,2,11.4,0.54,0.5,0.57,4.8,0
7139,2017-06-01,0,1360,0.0,75,11.4,29.74,0.73,1.12,0.57,0
7139,2017-07-01,0,1360,13.0,51,11.4,22.17,0.8,0.82,1.12,0
7139,2017-08-01,0,1360,21.0,101,11.4,43.79,0.8,0.36,0.82,0
7139,2017-09-01,0,1360,4.0,62,11.4,27.57,0.82,0.18,0.36,0
7139,2017-10-01,0,1360,13.0,50,11.4,21.09,0.78,0.34,0.18,0
7139,2017-11-01,0,1360,18.0,31,11.4,12.98,0.77,6.41,0.34,0
7139,2017-12-01,0,1360,8.0,14,11.4,7.03,0.93,10.29,6.41,0
7139,2018-01-01,0,1360,11.0,32,11.4,15.14,0.88,9.3,10.29,0
7139,2018-02-01,0,1360,10.0,10,11.4,3.78,0.7,5.32,9.3,0
7139,2018-03-01,0,1360,12.0,12,11.4,3.24,0.5,3.17,5.32,0
7139,2018-04-01,0,1360,6.0,6,11.4,2.7,0.83,4.29,3.17,0
7139,2018-05-01,0,1360,33.0,33,11.4,9.73,0.55,0.62,4.29,0
7139,2018-06-01,0,1360,1.0,1,11.4,0.0,0.0,0.61,0.62,0
7139,2018-07-01,0,1360,2.0,2,11.4,1.08,1.0,4.0,0.61,0
7139,2018-08-01,0,1360,2.0,2,11.4,1.08,1.0,0.23,4.0,0
7139,2018-09-01,0,1360,3.0,3,11.4,1.62,1.0,0.36,0.23,0
7139,2018-10-01,0,1360,6.0,6,11.4,0.54,0.17,0.56,0.36,0
7140,2016-12-01,0,502,0.0,5,14.6,7.94,0.4,4.39,1.55,0
7140,2017-01-01,0,502,0.0,29,14.6,91.27,0.79,5.64,4.39,0
7140,2017-02-01,0,502,0.0,10,14.6,31.75,0.8,3.42,5.64,0
7140,2017-03-01,0,502,0.0,11,14.6,27.78,0.64,5.78,3.42,0
7140,2017-04-01,0,502,0.0,9,14.6,19.84,0.56,4.8,5.78,0
7140,2017-06-01,0,502,0.0,8,14.6,15.87,0.5,1.12,0.57,0
7140,2017-07-01,0,502,0.0,11,14.6,31.75,0.73,0.82,1.12,0
7140,2017-08-01,0,502,1.0,46,14.6,123.01,0.67,0.36,0.82,0
7140,2017-09-01,0,502,0.0,36,14.6,95.24,0.67,0.18,0.36,0
7140,2017-10-01,0,502,1.0,31,14.6,95.24,0.77,0.34,0.18,0
7140,2017-11-01,0,502,0.0,16,14.6,51.59,0.81,6.41,0.34,0
7140,2017-12-01,0,502,1.0,24,14.6,71.43,0.75,10.29,6.41,0
7140,2018-01-01,0,502,2.0,34,14.6,95.24,0.71,9.3,10.29,0
7140,2018-02-01,0,502,0.0,33,14.6,83.33,0.64,5.32,9.3,0
7140,2018-03-01,0,502,2.0,23,14.6,67.46,0.74,3.17,5.32,0
7140,2018-04-01,0,502,3.0,34,14.6,83.33,0.62,4.29,3.17,0
7140,2018-05-01,0,502,5.0,54,14.6,162.7,0.76,0.62,4.29,0
7140,2018-06-01,0,502,1.0,56,14.6,170.63,0.77,0.61,0.62,0
7140,2018-07-01,0,502,0.0,22,14.6,63.49,0.73,4.0,0.61,0
7140,2018-08-01,0,502,2.0,5,14.6,19.84,1.0,0.23,4.0,0
7140,2018-09-01,0,502,3.0,4,14.6,7.94,0.5,0.36,0.23,0
7140,2018-10-01,0,502,1.0,1,14.6,3.97,1.0,0.56,0.36,0
7141,2016-12-01,0,1314,14.0,32,0.5,14.48,0.78,4.39,1.55,0
7141,2017-01-01,0,1314,14.0,69,0.5,26.06,0.65,5.64,4.39,0
7141,2017-02-01,0,1314,14.0,52,0.5,24.33,0.81,3.42,5.64,0
7141,2017-03-01,0,1314,14.0,65,0.5,19.11,0.51,5.78,3.42,0
7141,2017-04-01,0,1314,14.0,47,0.5,15.06,0.55,4.8,5.78,0
7141,2017-05-01,0,1314,14.0,55,0.5,19.11,0.6,0.57,4.8,0
7141,2017-06-01,0,1314,44.0,87,0.5,38.8,0.77,1.12,0.57,0
7141,2017-07-01,0,1314,114.0,120,0.5,44.6,0.64,0.82,1.12,0
7141,2017-08-01,0,1314,90.0,102,0.5,42.86,0.73,0.36,0.82,0
7141,2017-09-01,0,1314,42.0,47,0.5,18.53,0.68,0.18,0.36,0
7141,2017-10-01,0,1314,73.0,81,0.5,32.43,0.69,0.34,0.18,0
7141,2017-11-01,0,1314,61.0,61,0.5,19.69,0.56,6.41,0.34,0
7141,2017-12-01,0,1314,60.0,60,0.5,19.69,0.57,10.29,6.41,0
7141,2018-01-01,0,1314,83.0,83,0.5,29.54,0.61,9.3,10.29,0
7141,2018-02-01,0,1314,81.0,81,0.5,20.27,0.43,5.32,9.3,0
7141,2018-03-01,0,1314,78.0,78,0.5,23.75,0.53,3.17,5.32,0
7141,2018-04-01,0,1314,92.0,93,0.5,31.85,0.59,4.29,3.17,0
7141,2018-05-01,0,1314,101.0,101,0.5,36.49,0.62,0.62,4.29,0
7141,2018-06-01,0,1314,44.0,44,0.5,16.22,0.64,0.61,0.62,0
7141,2018-07-01,0,1314,48.0,48,0.5,16.8,0.6,4.0,0.61,0
7141,2018-08-01,0,1314,52.0,52,0.5,15.64,0.52,0.23,4.0,0
7141,2018-09-01,0,1314,34.0,34,0.5,14.48,0.74,0.36,0.23,0
7141,2018-10-01,0,1314,45.0,45,0.5,16.22,0.62,0.56,0.36,0
7142,2017-01-01,0,1420,0.0,13,7.0,6.45,1.0,5.64,4.39,1
7142,2017-07-01,0,1420,0.0,4,7.0,1.49,0.75,0.82,5.64,1
7142,2017-08-01,0,1420,1.0,27,7.0,9.42,0.7,0.36,0.82,1
7142,2017-09-01,0,1420,1.0,8,7.0,2.48,0.62,0.18,0.36,1
7142,2017-10-01,0,1420,0.0,1,7.0,0.5,1.0,0.34,0.18,1
7142,2017-12-01,0,1420,0.0,3,7.0,1.49,1.0,10.29,6.41,1
7142,2018-01-01,0,1420,0.0,1,7.0,0.5,1.0,9.3,10.29,1
7142,2018-03-01,0,1420,0.0,12,7.0,3.97,0.67,3.17,9.3,1
7142,2018-04-01,0,1420,0.0,6,7.0,2.48,0.83,4.29,3.17,1
7142,2018-05-01,0,1420,0.0,44,7.0,13.39,0.61,0.62,4.29,1
7142,2018-06-01,0,1420,0.0,54,7.0,14.88,0.56,0.61,0.62,1
7142,2018-07-01,0,1420,0.0,9,7.0,0.99,0.22,4.0,0.61,1
7142,2018-08-01,0,1420,1.0,1,7.0,0.5,1.0,0.23,4.0,1
7144,2016-12-01,1,680,14.0,44,2.6,47.58,0.5,4.39,1.55,0
7144,2017-01-01,1,680,14.0,14,2.6,21.63,0.71,5.64,4.39,0
7144,2017-02-01,1,680,14.0,85,2.6,144.9,0.79,3.42,5.64,0
7144,2017-03-01,1,680,14.0,92,2.6,136.25,0.68,5.78,3.42,0
7144,2017-04-01,1,680,14.0,73,2.6,99.48,0.63,4.8,5.78,0
7144,2017-05-01,1,680,14.0,99,2.6,134.08,0.63,0.57,4.8,0
7144,2017-06-01,1,680,62.0,93,2.6,99.48,0.49,1.12,0.57,0
7144,2017-07-01,1,680,74.0,74,2.6,97.32,0.61,0.82,1.12,0
7144,2017-08-01,1,680,72.0,72,2.6,84.34,0.54,0.36,0.82,0
7144,2017-09-01,1,680,26.0,26,2.6,30.28,0.54,0.18,0.36,0
7144,2017-10-01,1,680,31.0,31,2.6,43.25,0.65,0.34,0.18,0
7144,2017-11-01,1,680,28.0,28,2.6,19.46,0.32,6.41,0.34,0
7144,2017-12-01,1,680,40.0,40,2.6,43.25,0.5,10.29,6.41,0
7144,2018-01-01,1,680,74.0,74,2.6,86.51,0.54,9.3,10.29,0
7144,2018-02-01,1,680,65.0,65,2.6,105.97,0.75,5.32,9.3,0
7144,2018-03-01,1,680,149.0,150,2.6,211.94,0.65,3.17,5.32,0
7144,2018-04-01,1,680,169.0,173,2.6,246.54,0.66,4.29,3.17,0
7144,2018-05-01,1,680,92.0,92,2.6,134.08,0.67,0.62,4.29,0
7144,2018-06-01,1,680,63.0,63,2.6,69.2,0.51,0.61,0.62,0
7144,2018-07-01,1,680,57.0,57,2.6,69.2,0.56,4.0,0.61,0
7144,2018-08-01,1,680,49.0,49,2.6,43.25,0.41,0.23,4.0,0
7144,2018-09-01,1,680,52.0,52,2.6,36.76,0.33,0.36,0.23,0
7144,2018-10-01,1,680,34.0,34,2.6,32.44,0.44,0.56,0.36,0
7145,2016-12-01,1,411,14.0,3,2.7,5.92,0.33,4.39,1.55,0
7145,2017-01-01,1,411,14.0,6,2.7,23.68,0.67,5.64,4.39,0
7145,2017-02-01,1,411,14.0,9,2.7,47.36,0.89,3.42,5.64,0
7145,2017-03-01,1,411,14.0,9,2.7,47.36,0.89,5.78,3.42,0
7145,2017-04-01,1,411,14.0,12,2.7,65.12,0.92,4.8,5.78,0
7145,2017-05-01,1,411,14.0,18,2.7,59.2,0.56,0.57,4.8,0
7145,2017-06-01,1,411,13.0,18,2.7,88.8,0.83,1.12,0.57,0
7145,2017-07-01,1,411,20.0,21,2.7,88.8,0.71,0.82,1.12,0
7145,2017-08-01,1,411,20.0,21,2.7,71.04,0.57,0.36,0.82,0
7145,2017-09-01,1,411,7.0,7,2.7,17.76,0.43,0.18,0.36,0
7145,2017-10-01,1,411,5.0,5,2.7,5.92,0.2,0.34,0.18,0
7145,2017-11-01,1,411,12.0,16,2.7,35.52,0.38,6.41,0.34,0
7145,2017-12-01,1,411,5.0,6,2.7,23.68,0.67,10.29,6.41,0
7145,2018-01-01,1,411,18.0,27,2.7,100.64,0.63,9.3,10.29,0
7145,2018-02-01,1,411,14.0,15,2.7,53.28,0.6,5.32,9.3,0
7145,2018-03-01,1,411,15.0,15,2.7,59.2,0.67,3.17,5.32,0
7145,2018-04-01,1,411,26.0,26,2.7,71.04,0.46,4.29,3.17,0
7145,2018-05-01,1,411,23.0,24,2.7,118.4,0.83,0.62,4.29,0
7145,2018-06-01,1,411,11.0,11,2.7,53.28,0.82,0.61,0.62,0
7145,2018-07-01,1,411,11.0,13,2.7,71.04,0.92,4.0,0.61,0
7145,2018-08-01,1,411,10.0,10,2.7,29.6,0.5,0.23,4.0,0
7145,2018-09-01,1,411,13.0,17,2.7,94.72,0.94,0.36,0.23,0
7145,2018-10-01,1,411,4.0,5,2.7,29.6,1.0,0.56,0.36,0
7148,2016-12-01,1,440,0.0,3,11.4,10.33,0.67,4.39,1.55,0
7148,2017-01-01,1,440,0.0,31,11.4,123.97,0.77,5.64,4.39,0
7148,2017-02-01,1,440,0.0,33,11.4,139.46,0.82,3.42,5.64,0
7148,2017-03-01,1,440,0.0,7,11.4,25.83,0.71,5.78,3.42,0
7148,2017-04-01,1,440,0.0,6,11.4,20.66,0.67,4.8,5.78,0
7148,2017-05-01,1,440,14.0,8,11.4,41.32,1.0,0.57,4.8,0
7148,2017-06-01,1,440,0.0,15,11.4,36.16,0.47,1.12,0.57,0
7148,2017-07-01,1,440,0.0,9,11.4,30.99,0.67,0.82,1.12,0
7148,2017-08-01,1,440,0.0,1,11.4,0.0,0.0,0.36,0.82,0
7148,2017-09-01,1,440,1.0,8,11.4,30.99,0.75,0.18,0.36,0
7148,2017-10-01,1,440,0.0,6,11.4,30.99,1.0,0.34,0.18,0
7148,2017-11-01,1,440,0.0,3,11.4,15.5,1.0,6.41,0.34,0
7148,2017-12-01,1,440,0.0,7,11.4,20.66,0.57,10.29,6.41,0
7148,2018-01-01,1,440,0.0,27,11.4,103.31,0.74,9.3,10.29,0
7148,2018-02-01,1,440,0.0,28,11.4,103.31,0.71,5.32,9.3,0
7148,2018-03-01,1,440,4.0,17,11.4,56.82,0.65,3.17,5.32,0
7148,2018-04-01,1,440,0.0,29,11.4,118.8,0.79,4.29,3.17,0
7148,2018-05-01,1,440,1.0,22,11.4,108.47,0.95,0.62,4.29,0
7148,2018-06-01,1,440,1.0,2,11.4,10.33,1.0,0.61,0.62,0
7148,2018-07-01,1,440,0.0,25,11.4,103.31,0.8,4.0,0.61,0
7148,2018-08-01,1,440,0.0,20,11.4,20.66,0.2,0.23,4.0,0
7148,2018-09-01,1,440,0.0,9,11.4,0.0,0.0,0.36,0.23,0
7148,2018-10-01,1,440,1.0,3,11.4,15.5,1.0,0.56,0.36,0
7149,2016-12-01,0,221,0.0,1,9.7,0.0,0.0,4.39,1.55,0
7149,2017-01-01,0,221,0.0,21,9.7,327.59,0.76,5.64,4.39,0
7149,2017-02-01,0,221,0.0,24,9.7,368.54,0.75,3.42,5.64,0
7149,2017-03-01,0,221,0.0,23,9.7,348.07,0.74,5.78,3.42,0
7149,2017-04-01,0,221,0.0,14,9.7,204.75,0.71,4.8,5.78,0
7149,2017-05-01,0,221,14.0,22,9.7,307.12,0.68,0.57,4.8,0
7149,2017-06-01,0,221,3.0,17,9.7,307.12,0.88,1.12,0.57,0
7149,2017-07-01,0,221,18.0,29,9.7,389.02,0.66,0.82,1.12,0
7149,2017-08-01,0,221,10.0,46,9.7,675.66,0.72,0.36,0.82,0
7149,2017-09-01,0,221,7.0,46,9.7,716.61,0.76,0.18,0.36,0
7149,2017-10-01,0,221,0.0,36,9.7,491.39,0.67,0.34,0.18,0
7149,2017-11-01,0,221,3.0,21,9.7,266.17,0.62,6.41,0.34,0
7149,2017-12-01,0,221,1.0,34,9.7,573.29,0.82,10.29,6.41,0
7149,2018-01-01,0,221,2.0,51,9.7,798.51,0.76,9.3,10.29,0
7149,2018-02-01,0,221,5.0,47,9.7,655.19,0.68,5.32,9.3,0
7149,2018-03-01,0,221,18.0,51,9.7,634.71,0.61,3.17,5.32,0
7149,2018-04-01,0,221,10.0,41,9.7,655.19,0.78,4.29,3.17,0
7149,2018-05-01,0,221,13.0,44,9.7,675.66,0.75,0.62,4.29,0
7149,2018-06-01,0,221,8.0,31,9.7,470.92,0.74,0.61,0.62,0
7149,2018-07-01,0,221,6.0,37,9.7,614.24,0.81,4.0,0.61,0
7149,2018-08-01,0,221,14.0,20,9.7,225.22,0.55,0.23,4.0,0
7149,2018-09-01,0,221,1.0,7,9.7,40.95,0.29,0.36,0.23,0
7149,2018-10-01,0,221,7.0,8,9.7,143.32,0.88,0.56,0.36,0
7151,2016-12-01,1,431,14.0,21,0.7,69.98,0.62,4.39,1.55,0
7151,2017-01-01,1,431,0.0,51,0.7,161.5,0.59,5.64,4.39,0
7151,2017-02-01,1,431,0.0,71,0.7,242.25,0.63,3.42,5.64,0
7151,2017-03-01,1,431,14.0,74,0.7,209.95,0.53,5.78,3.42,0
7151,2017-04-01,1,431,14.0,59,0.7,220.71,0.69,4.8,5.78,0
7151,2017-05-01,1,431,14.0,86,0.7,392.98,0.85,0.57,4.8,0
7151,2017-06-01,1,431,80.0,111,0.7,489.88,0.82,1.12,0.57,0
7151,2017-07-01,1,431,90.0,90,0.7,371.45,0.77,0.82,1.12,0
7151,2017-08-01,1,431,77.0,77,0.7,269.16,0.65,0.36,0.82,0
7151,2017-09-01,1,431,62.0,63,0.7,263.78,0.78,0.18,0.36,0
7151,2017-10-01,1,431,79.0,79,0.7,323.0,0.76,0.34,0.18,0
7151,2017-11-01,1,431,93.0,94,0.7,296.08,0.59,6.41,0.34,0
7151,2017-12-01,1,431,41.0,45,0.7,107.67,0.44,10.29,6.41,0
7151,2018-01-01,1,431,99.0,100,0.7,344.53,0.64,9.3,10.29,0
7151,2018-02-01,1,431,165.0,165,0.7,554.48,0.62,5.32,9.3,0
7151,2018-03-01,1,431,190.0,194,0.7,656.76,0.63,3.17,5.32,0
7151,2018-04-01,1,431,151.0,152,0.7,549.09,0.67,4.29,3.17,0
7151,2018-05-01,1,431,177.0,177,0.7,710.59,0.75,0.62,4.29,0
7151,2018-06-01,1,431,109.0,113,0.7,489.88,0.81,0.61,0.62,0
7151,2018-07-01,1,431,93.0,94,0.7,414.51,0.82,4.0,0.61,0
7151,2018-08-01,1,431,109.0,109,0.7,489.88,0.83,0.23,4.0,0
7151,2018-09-01,1,431,73.0,74,0.7,344.53,0.86,0.36,0.23,0
7151,2018-10-01,1,431,28.0,28,0.7,129.2,0.86,0.56,0.36,0
7152,2016-12-01,0,347,14.0,6,2.0,16.61,0.33,4.39,1.55,0
7152,2017-01-01,0,347,14.0,18,2.0,132.88,0.89,5.64,4.39,0
7152,2017-02-01,0,347,14.0,35,2.0,207.63,0.71,3.42,5.64,0
7152,2017-03-01,0,347,14.0,35,2.0,240.85,0.83,5.78,3.42,0
7152,2017-04-01,0,347,14.0,36,2.0,224.24,0.75,4.8,5.78,0
7152,2017-05-01,0,347,14.0,29,2.0,182.71,0.76,0.57,4.8,0
7152,2017-06-01,0,347,21.0,38,2.0,249.15,0.79,1.12,0.57,0
7152,2017-07-01,0,347,30.0,30,2.0,174.41,0.7,0.82,1.12,0
7152,2017-08-01,0,347,22.0,22,2.0,157.8,0.86,0.36,0.82,0
7152,2017-09-01,0,347,20.0,20,2.0,132.88,0.8,0.18,0.36,0
7152,2017-10-01,0,347,14.0,14,2.0,66.44,0.57,0.34,0.18,0
7152,2017-11-01,0,347,7.0,7,2.0,24.92,0.43,6.41,0.34,0
7152,2017-12-01,0,347,3.0,3,2.0,8.31,0.33,10.29,6.41,0
7152,2018-01-01,0,347,17.0,17,2.0,99.66,0.71,9.3,10.29,0
7152,2018-02-01,0,347,35.0,35,2.0,191.02,0.66,5.32,9.3,0
7152,2018-03-01,0,347,43.0,43,2.0,249.15,0.7,3.17,5.32,0
7152,2018-04-01,0,347,48.0,48,2.0,265.76,0.67,4.29,3.17,0
7152,2018-05-01,0,347,56.0,56,2.0,373.73,0.8,0.62,4.29,0
7152,2018-06-01,0,347,43.0,43,2.0,298.98,0.84,0.61,0.62,0
7152,2018-07-01,0,347,33.0,33,2.0,207.63,0.76,4.0,0.61,0
7152,2018-08-01,0,347,36.0,36,2.0,224.24,0.75,0.23,4.0,0
7152,2018-09-01,0,347,16.0,17,2.0,124.58,0.88,0.36,0.23,0
7152,2018-10-01,0,347,8.0,8,2.0,33.22,0.5,0.56,0.36,0
7153,2016-12-01,0,305,14.0,1,3.4,10.75,1.0,4.39,1.55,0
7153,2017-01-01,0,305,14.0,7,3.4,64.5,0.86,5.64,4.39,0
7153,2017-02-01,0,305,14.0,15,3.4,129.0,0.8,3.42,5.64,0
7153,2017-03-01,0,305,14.0,17,3.4,139.75,0.76,5.78,3.42,0
7153,2017-04-01,0,305,14.0,14,3.4,139.75,0.93,4.8,5.78,0
7153,2017-05-01,0,305,14.0,11,3.4,96.75,0.82,0.57,4.8,0
7153,2017-06-01,0,305,11.0,13,3.4,118.25,0.85,1.12,0.57,0
7153,2017-07-01,0,305,14.0,14,3.4,139.75,0.93,0.82,1.12,0
7153,2017-08-01,0,305,14.0,14,3.4,118.25,0.79,0.36,0.82,0
7153,2017-09-01,0,305,13.0,13,3.4,118.25,0.85,0.18,0.36,0
7153,2017-10-01,0,305,10.0,10,3.4,75.25,0.7,0.34,0.18,0
7153,2017-11-01,0,305,9.0,9,3.4,32.25,0.33,6.41,0.34,0
7153,2017-12-01,0,305,5.0,5,3.4,32.25,0.6,10.29,6.41,0
7153,2018-01-01,0,305,26.0,26,3.4,204.25,0.73,9.3,10.29,0
7153,2018-02-01,0,305,50.0,51,3.4,343.99,0.63,5.32,9.3,0
7153,2018-03-01,0,305,54.0,54,3.4,397.74,0.69,3.17,5.32,0
7153,2018-04-01,0,305,103.0,103,3.4,859.98,0.78,4.29,3.17,0
7153,2018-05-01,0,305,107.0,107,3.4,967.48,0.84,0.62,4.29,0
7153,2018-06-01,0,305,80.0,80,3.4,623.49,0.72,0.61,0.62,0
7153,2018-07-01,0,305,71.0,71,3.4,569.74,0.75,4.0,0.61,0
7153,2018-08-01,0,305,73.0,73,3.4,591.24,0.75,0.23,4.0,0
7153,2018-09-01,0,305,16.0,16,3.4,150.5,0.88,0.36,0.23,0
7153,2018-10-01,0,305,15.0,16,3.4,150.5,0.88,0.56,0.36,0
7155,2016-12-01,0,207,14.0,1,6.7,23.34,1.0,4.39,1.55,0
7155,2017-01-01,0,207,14.0,4,6.7,46.68,0.5,5.64,4.39,0
7155,2017-02-01,0,207,0.0,3,6.7,70.01,1.0,3.42,5.64,0
7155,2017-03-01,0,207,14.0,3,6.7,23.34,0.33,5.78,3.42,0
7155,2017-04-01,0,207,14.0,4,6.7,93.35,1.0,4.8,5.78,0
7155,2017-05-01,0,207,14.0,4,6.7,70.01,0.75,0.57,4.8,0
7155,2017-06-01,0,207,6.0,7,6.7,93.35,0.57,1.12,0.57,0
7155,2017-07-01,0,207,1.0,1,6.7,23.34,1.0,0.82,1.12,0
7155,2017-08-01,0,207,3.0,3,6.7,70.01,1.0,0.36,0.82,0
7155,2017-09-01,0,207,4.0,4,6.7,46.68,0.5,0.18,0.36,0
7155,2017-10-01,0,207,4.0,4,6.7,23.34,0.25,0.34,0.18,0
7155,2017-11-01,0,207,4.0,4,6.7,23.34,0.25,6.41,0.34,0
7155,2017-12-01,0,207,2.0,2,6.7,0.0,0.0,10.29,6.41,0
7155,2018-01-01,0,207,5.0,5,6.7,46.68,0.4,9.3,10.29,0
7155,2018-02-01,0,207,5.0,5,6.7,70.01,0.6,5.32,9.3,0
7155,2018-03-01,0,207,12.0,15,6.7,163.36,0.47,3.17,5.32,0
7155,2018-04-01,0,207,8.0,9,6.7,140.03,0.67,4.29,3.17,0
7155,2018-05-01,0,207,2.0,4,6.7,46.68,0.5,0.62,4.29,0
7155,2018-06-01,0,207,7.0,7,6.7,93.35,0.57,0.61,0.62,0
7155,2018-07-01,0,207,1.0,3,6.7,46.68,0.67,4.0,0.61,0
7155,2018-08-01,0,207,3.0,3,6.7,23.34,0.33,0.23,4.0,0
7155,2018-09-01,0,207,4.0,5,6.7,70.01,0.6,0.36,0.23,0
7155,2018-10-01,0,207,2.0,2,6.7,46.68,1.0,0.56,0.36,0
7156,2016-12-01,0,172,14.0,3,6.2,67.6,0.67,4.39,1.55,0
7156,2017-02-01,0,172,14.0,3,6.2,101.41,1.0,3.42,5.64,0
7156,2017-05-01,0,172,14.0,5,6.2,135.21,0.8,0.57,4.8,0
7156,2017-06-01,0,172,4.0,6,6.2,169.01,0.83,1.12,0.57,0
7156,2017-07-01,0,172,2.0,2,6.2,67.6,1.0,0.82,1.12,0
7156,2017-09-01,0,172,3.0,3,6.2,67.6,0.67,0.18,0.82,0
7156,2017-10-01,0,172,7.0,7,6.2,236.61,1.0,0.34,0.18,0
7156,2017-11-01,0,172,3.0,3,6.2,67.6,0.67,6.41,0.34,0
7156,2017-12-01,0,172,4.0,4,6.2,101.41,0.75,10.29,6.41,0
7156,2018-01-01,0,172,9.0,9,6.2,169.01,0.56,9.3,10.29,0
7156,2018-02-01,0,172,20.0,20,6.2,540.83,0.8,5.32,9.3,0
7156,2018-03-01,0,172,15.0,15,6.2,236.61,0.47,3.17,5.32,0
7156,2018-04-01,0,172,6.0,14,6.2,338.02,0.71,4.29,3.17,0
7156,2018-05-01,0,172,8.0,8,6.2,202.81,0.75,0.62,4.29,0
7156,2018-06-01,0,172,5.0,5,6.2,169.01,1.0,0.61,0.62,0
7156,2018-07-01,0,172,3.0,3,6.2,101.41,1.0,4.0,0.61,0
7156,2018-08-01,0,172,8.0,8,6.2,236.61,0.88,0.23,4.0,0
7156,2018-09-01,0,172,5.0,5,6.2,169.01,1.0,0.36,0.23,0
7156,2018-10-01,0,172,4.0,4,6.2,67.6,0.5,0.56,0.36,0
7157,2016-12-01,1,382,0.0,9,1.7,27.41,0.44,4.39,1.55,0
7157,2017-01-01,1,382,0.0,22,1.7,82.23,0.55,5.64,4.39,0
7157,2017-02-01,1,382,0.0,19,1.7,68.53,0.53,3.42,5.64,0
7157,2017-03-01,1,382,14.0,20,1.7,68.53,0.5,5.78,3.42,0
7157,2017-04-01,1,382,14.0,21,1.7,89.09,0.62,4.8,5.78,0
7157,2017-05-01,1,382,14.0,21,1.7,116.5,0.81,0.57,4.8,0
7157,2017-06-01,1,382,18.0,32,1.7,178.17,0.81,1.12,0.57,0
7157,2017-07-01,1,382,22.0,26,1.7,137.06,0.77,0.82,1.12,0
7157,2017-08-01,1,382,23.0,26,1.7,123.35,0.69,0.36,0.82,0
7157,2017-09-01,1,382,32.0,35,1.7,143.91,0.6,0.18,0.36,0
7157,2017-10-01,1,382,21.0,31,1.7,130.2,0.61,0.34,0.18,0
7157,2017-11-01,1,382,16.0,21,1.7,102.79,0.71,6.41,0.34,0
7157,2017-12-01,1,382,6.0,12,1.7,54.82,0.67,10.29,6.41,0
7157,2018-01-01,1,382,7.0,13,1.7,34.26,0.38,9.3,10.29,0
7157,2018-02-01,1,382,25.0,32,1.7,95.94,0.44,5.32,9.3,0
7157,2018-03-01,1,382,22.0,23,1.7,82.23,0.52,3.17,5.32,0
7157,2018-04-01,1,382,35.0,41,1.7,157.62,0.56,4.29,3.17,0
7157,2018-05-01,1,382,31.0,38,1.7,171.32,0.66,0.62,4.29,0
7157,2018-06-01,1,382,24.0,28,1.7,150.76,0.79,0.61,0.62,0
7157,2018-07-01,1,382,16.0,29,1.7,102.79,0.52,4.0,0.61,0
7157,2018-08-01,1,382,21.0,21,1.7,89.09,0.62,0.23,4.0,0
7157,2018-09-01,1,382,14.0,19,1.7,89.09,0.68,0.36,0.23,0
7157,2018-10-01,1,382,7.0,10,1.7,27.41,0.4,0.56,0.36,0
7159,2016-12-01,1,441,14.0,1,6.7,5.14,1.0,4.39,1.55,0
7159,2017-01-01,1,441,14.0,9,6.7,20.57,0.44,5.64,4.39,0
7159,2017-02-01,1,441,14.0,6,6.7,15.43,0.5,3.42,5.64,0
7159,2017-03-01,1,441,14.0,19,6.7,51.42,0.53,5.78,3.42,0
7159,2017-04-01,1,441,14.0,19,6.7,71.99,0.74,4.8,5.78,0
7159,2017-05-01,1,441,14.0,7,6.7,35.99,1.0,0.57,4.8,0
7159,2017-06-01,1,441,13.0,21,6.7,71.99,0.67,1.12,0.57,0
7159,2017-07-01,1,441,13.0,13,6.7,46.28,0.69,0.82,1.12,0
7159,2017-08-01,1,441,8.0,8,6.7,30.85,0.75,0.36,0.82,0
7159,2017-09-01,1,441,14.0,14,6.7,35.99,0.5,0.18,0.36,0
7159,2017-10-01,1,441,9.0,11,6.7,35.99,0.64,0.34,0.18,0
7159,2017-11-01,1,441,10.0,10,6.7,30.85,0.6,6.41,0.34,0
7159,2017-12-01,1,441,4.0,4,6.7,10.28,0.5,10.29,6.41,0
7159,2018-01-01,1,441,16.0,16,6.7,71.99,0.88,9.3,10.29,0
7159,2018-02-01,1,441,21.0,21,6.7,56.56,0.52,5.32,9.3,0
7159,2018-03-01,1,441,27.0,27,6.7,77.13,0.56,3.17,5.32,0
7159,2018-04-01,1,441,21.0,24,6.7,56.56,0.46,4.29,3.17,0
7159,2018-05-01,1,441,24.0,24,6.7,77.13,0.62,0.62,4.29,0
7159,2018-06-01,1,441,13.0,16,6.7,61.7,0.75,0.61,0.62,0
7159,2018-07-01,1,441,15.0,16,6.7,51.42,0.62,4.0,0.61,0
7159,2018-08-01,1,441,9.0,10,6.7,20.57,0.4,0.23,4.0,0
7159,2018-09-01,1,441,17.0,18,6.7,71.99,0.78,0.36,0.23,0
7159,2018-10-01,1,441,4.0,4,6.7,15.43,0.75,0.56,0.36,0
7160,2017-01-01,0,253,14.0,3,8.7,31.25,0.67,5.64,4.39,0
7160,2017-03-01,0,253,14.0,4,8.7,15.62,0.25,5.78,3.42,0
7160,2017-04-01,0,253,14.0,2,8.7,31.25,1.0,4.8,5.78,0
7160,2017-05-01,0,253,14.0,2,8.7,31.25,1.0,0.57,4.8,0
7160,2017-06-01,0,253,14.0,1,8.7,15.62,1.0,1.12,0.57,0
7160,2017-07-01,0,253,6.0,6,8.7,46.87,0.5,0.82,1.12,0
7160,2017-08-01,0,253,3.0,3,8.7,15.62,0.33,0.36,0.82,0
7160,2017-09-01,0,253,1.0,1,8.7,15.62,1.0,0.18,0.36,0
7160,2017-10-01,0,253,1.0,1,8.7,15.62,1.0,0.34,0.18,0
7160,2017-11-01,0,253,6.0,6,8.7,46.87,0.5,6.41,0.34,0
7160,2017-12-01,0,253,1.0,1,8.7,0.0,0.0,10.29,6.41,0
7160,2018-01-01,0,253,2.0,2,8.7,15.62,0.5,9.3,10.29,0
7160,2018-02-01,0,253,4.0,5,8.7,46.87,0.6,5.32,9.3,0
7160,2018-03-01,0,253,3.0,9,8.7,78.11,0.56,3.17,5.32,0
7160,2018-04-01,0,253,3.0,3,8.7,31.25,0.67,4.29,3.17,0
7160,2018-05-01,0,253,10.0,15,8.7,187.47,0.8,0.62,4.29,0
7160,2018-06-01,0,253,1.0,14,8.7,140.61,0.64,0.61,0.62,0
7160,2018-07-01,0,253,8.0,16,8.7,218.72,0.88,4.0,0.61,0
7160,2018-08-01,0,253,2.0,3,8.7,31.25,0.67,0.23,4.0,0
7160,2018-09-01,0,253,5.0,5,8.7,31.25,0.4,0.36,0.23,0
7160,2018-10-01,0,253,2.0,2,8.7,15.62,0.5,0.56,0.36,0
7161,2016-12-01,1,160,0.0,1,6.0,0.0,0.0,4.39,1.55,0
7161,2017-01-01,1,160,0.0,5,6.0,195.31,1.0,5.64,4.39,0
7161,2017-02-01,1,160,0.0,6,6.0,117.19,0.5,3.42,5.64,0
7161,2017-03-01,1,160,0.0,6,6.0,117.19,0.5,5.78,3.42,0
7161,2017-05-01,1,160,14.0,2,6.0,39.06,0.5,0.57,4.8,0
7161,2017-06-01,1,160,0.0,6,6.0,39.06,0.17,1.12,0.57,0
7161,2017-07-01,1,160,0.0,5,6.0,78.12,0.4,0.82,1.12,0
7161,2017-08-01,1,160,1.0,2,6.0,78.12,1.0,0.36,0.82,0
7161,2017-10-01,1,160,0.0,2,6.0,78.12,1.0,0.34,0.36,0
7161,2017-11-01,1,160,0.0,1,6.0,0.0,0.0,6.41,0.34,0
7161,2017-12-01,1,160,0.0,24,6.0,820.31,0.88,10.29,6.41,0
7161,2018-01-01,1,160,0.0,7,6.0,156.25,0.57,9.3,10.29,0
7161,2018-02-01,1,160,1.0,2,6.0,39.06,0.5,5.32,9.3,0
7161,2018-03-01,1,160,1.0,7,6.0,78.12,0.29,3.17,5.32,0
7161,2018-04-01,1,160,2.0,25,6.0,429.69,0.44,4.29,3.17,0
7161,2018-05-01,1,160,2.0,16,6.0,390.62,0.62,0.62,4.29,0
7161,2018-06-01,1,160,4.0,19,6.0,468.75,0.63,0.61,0.62,0
7161,2018-07-01,1,160,6.0,19,6.0,625.0,0.84,4.0,0.61,0
7161,2018-08-01,1,160,11.0,11,6.0,429.69,1.0,0.23,4.0,0
7161,2018-09-01,1,160,3.0,16,6.0,312.5,0.5,0.36,0.23,0
7161,2018-10-01,1,160,4.0,11,6.0,234.38,0.55,0.56,0.36,0
7162,2016-12-01,0,407,0.0,24,7.4,48.29,0.33,4.39,1.55,0
7162,2017-01-01,0,407,0.0,48,7.4,175.07,0.6,5.64,4.39,0
7162,2017-02-01,0,407,0.0,48,7.4,169.03,0.58,3.42,5.64,0
7162,2017-03-01,0,407,0.0,49,7.4,138.85,0.47,5.78,3.42,0
7162,2017-04-01,0,407,14.0,16,7.4,48.29,0.5,4.8,5.78,0
7162,2017-05-01,0,407,14.0,49,7.4,205.25,0.69,0.57,4.8,0
7162,2017-06-01,0,407,24.0,80,7.4,271.66,0.56,1.12,0.57,0
7162,2017-07-01,0,407,15.0,33,7.4,126.77,0.64,0.82,1.12,0
7162,2017-08-01,0,407,21.0,46,7.4,181.11,0.65,0.36,0.82,0
7162,2017-09-01,0,407,17.0,55,7.4,187.14,0.56,0.18,0.36,0
7162,2017-10-01,0,407,13.0,36,7.4,126.77,0.58,0.34,0.18,0
7162,2017-11-01,0,407,14.0,26,7.4,84.52,0.54,6.41,0.34,0
7162,2017-12-01,0,407,9.0,50,7.4,144.88,0.48,10.29,6.41,0
7162,2018-01-01,0,407,28.0,63,7.4,259.59,0.68,9.3,10.29,0
7162,2018-02-01,0,407,23.0,71,7.4,265.62,0.62,5.32,9.3,0
7162,2018-03-01,0,407,27.0,69,7.4,235.44,0.57,3.17,5.32,0
7162,2018-04-01,0,407,22.0,60,7.4,259.59,0.72,4.29,3.17,0
7162,2018-05-01,0,407,36.0,74,7.4,332.03,0.74,0.62,4.29,0
7162,2018-06-01,0,407,31.0,68,7.4,271.66,0.66,0.61,0.62,0
7162,2018-07-01,0,407,22.0,68,7.4,259.59,0.63,4.0,0.61,0
7162,2018-08-01,0,407,29.0,29,7.4,138.85,0.79,0.23,4.0,0
7162,2018-09-01,0,407,24.0,51,7.4,187.14,0.61,0.36,0.23,0
7162,2018-10-01,0,407,12.0,18,7.4,90.55,0.83,0.56,0.36,0
7163,2016-12-01,1,203,0.0,2,7.0,0.0,0.0,4.39,1.55,1
7163,2017-01-01,1,203,0.0,5,7.0,72.8,0.6,5.64,4.39,1
7163,2017-02-01,1,203,0.0,6,7.0,121.33,0.83,3.42,5.64,1
7163,2017-03-01,1,203,0.0,3,7.0,24.27,0.33,5.78,3.42,1
7163,2017-05-01,1,203,14.0,4,7.0,48.53,0.5,0.57,4.8,1
7163,2017-06-01,1,203,0.0,3,7.0,0.0,0.0,1.12,0.57,1
7163,2017-07-01,1,203,0.0,3,7.0,24.27,0.33,0.82,1.12,1
7163,2017-08-01,1,203,0.0,2,7.0,24.27,0.5,0.36,0.82,1
7163,2017-09-01,1,203,0.0,6,7.0,72.8,0.5,0.18,0.36,1
7163,2017-10-01,1,203,0.0,7,7.0,121.33,0.71,0.34,0.18,1
7163,2017-12-01,1,203,1.0,5,7.0,48.53,0.4,10.29,6.41,1
7163,2018-01-01,1,203,1.0,16,7.0,218.4,0.56,9.3,10.29,1
7163,2018-02-01,1,203,0.0,7,7.0,48.53,0.29,5.32,9.3,1
7163,2018-03-01,1,203,2.0,5,7.0,72.8,0.6,3.17,5.32,1
7163,2018-04-01,1,203,7.0,13,7.0,218.4,0.69,4.29,3.17,1
7163,2018-05-01,1,203,3.0,8,7.0,121.33,0.62,0.62,4.29,1
7163,2018-06-01,1,203,2.0,8,7.0,169.87,0.88,0.61,0.62,1
7163,2018-07-01,1,203,1.0,4,7.0,24.27,0.25,4.0,0.61,1
7163,2018-09-01,1,203,0.0,3,7.0,48.53,0.67,0.36,4.0,1
7163,2018-10-01,1,203,2.0,6,7.0,145.6,1.0,0.56,0.36,1
7164,2016-12-01,1,290,0.0,1,6.5,0.0,0.0,4.39,1.55,0
7164,2017-01-01,1,290,0.0,3,6.5,23.78,0.67,5.64,4.39,0
7164,2017-02-01,1,290,0.0,5,6.5,35.67,0.6,3.42,5.64,0
7164,2017-03-01,1,290,0.0,1,6.5,11.89,1.0,5.78,3.42,0
7164,2017-05-01,1,290,14.0,3,6.5,35.67,1.0,0.57,4.8,0
7164,2017-06-01,1,290,0.0,3,6.5,11.89,0.33,1.12,0.57,0
7164,2017-07-01,1,290,0.0,4,6.5,35.67,0.75,0.82,1.12,0
7164,2017-08-01,1,290,1.0,6,6.5,59.45,0.83,0.36,0.82,0
7164,2017-09-01,1,290,0.0,4,6.5,47.56,1.0,0.18,0.36,0
7164,2017-10-01,1,290,0.0,6,6.5,23.78,0.33,0.34,0.18,0
7164,2017-11-01,1,290,0.0,2,6.5,11.89,0.5,6.41,0.34,0
7164,2017-12-01,1,290,0.0,4,6.5,11.89,0.25,10.29,6.41,0
7164,2018-01-01,1,290,0.0,4,6.5,47.56,1.0,9.3,10.29,0
7164,2018-02-01,1,290,3.0,8,6.5,47.56,0.5,5.32,9.3,0
7164,2018-03-01,1,290,1.0,9,6.5,59.45,0.56,3.17,5.32,0
7164,2018-04-01,1,290,1.0,5,6.5,47.56,0.8,4.29,3.17,0
7164,2018-05-01,1,290,0.0,6,6.5,59.45,0.83,0.62,4.29,0
7164,2018-06-01,1,290,0.0,7,6.5,59.45,0.71,0.61,0.62,0
7164,2018-07-01,1,290,0.0,3,6.5,23.78,0.67,4.0,0.61,0
7164,2018-09-01,1,290,1.0,6,6.5,0.0,0.0,0.36,4.0,0
7164,2018-10-01,1,290,1.0,1,6.5,11.89,1.0,0.56,0.36,0
7166,2017-01-01,1,332,0.0,16,9.5,90.72,0.62,5.64,4.39,0
7166,2017-02-01,1,332,0.0,14,9.5,90.72,0.71,3.42,5.64,0
7166,2017-03-01,1,332,0.0,2,9.5,18.14,1.0,5.78,3.42,0
7166,2017-05-01,1,332,14.0,5,9.5,45.36,1.0,0.57,4.8,0
7166,2017-06-01,1,332,0.0,14,9.5,90.72,0.71,1.12,0.57,0
7166,2017-07-01,1,332,0.0,7,9.5,54.43,0.86,0.82,1.12,0
7166,2017-08-01,1,332,0.0,17,9.5,108.87,0.71,0.36,0.82,0
7166,2017-09-01,1,332,0.0,9,9.5,45.36,0.56,0.18,0.36,0
7166,2017-10-01,1,332,0.0,21,9.5,136.09,0.71,0.34,0.18,0
7166,2017-11-01,1,332,0.0,18,9.5,90.72,0.56,6.41,0.34,0
7166,2018-01-01,1,332,0.0,5,9.5,45.36,1.0,9.3,6.41,0
7166,2018-02-01,1,332,0.0,23,9.5,172.38,0.83,5.32,9.3,0
7166,2018-03-01,1,332,0.0,13,9.5,72.58,0.62,3.17,5.32,0
7166,2018-04-01,1,332,0.0,21,9.5,145.16,0.76,4.29,3.17,0
7166,2018-05-01,1,332,0.0,16,9.5,99.8,0.69,0.62,4.29,0
7166,2018-06-01,1,332,2.0,19,9.5,163.3,0.95,0.61,0.62,0
7166,2018-07-01,1,332,0.0,11,9.5,90.72,0.91,4.0,0.61,0
7166,2018-08-01,1,332,0.0,7,9.5,0.0,0.0,0.23,4.0,0
7166,2018-09-01,1,332,0.0,7,9.5,0.0,0.0,0.36,0.23,0
7169,2017-05-01,1,234,14.0,1,12.3,18.26,1.0,0.57,4.8,0
7169,2018-06-01,1,234,1.0,1,12.3,18.26,1.0,0.61,0.57,0
7171,2016-12-01,0,484,14.0,37,7.0,55.49,0.35,4.39,1.55,1
7171,2017-01-01,0,484,14.0,151,7.0,418.35,0.65,5.64,4.39,1
7171,2017-02-01,0,484,14.0,65,7.0,243.32,0.88,3.42,5.64,1
7171,2017-03-01,0,484,14.0,75,7.0,247.59,0.77,5.78,3.42,1
7171,2017-04-01,0,484,14.0,44,7.0,132.33,0.7,4.8,5.78,1
7171,2017-05-01,0,484,14.0,54,7.0,149.41,0.65,0.57,4.8,1
7171,2017-06-01,0,484,25.0,37,7.0,98.18,0.62,1.12,0.57,1
7171,2017-07-01,0,484,57.0,57,7.0,145.14,0.6,0.82,1.12,1
7171,2017-08-01,0,484,48.0,48,7.0,89.65,0.44,0.36,0.82,1
7171,2017-09-01,0,484,20.0,21,7.0,64.03,0.71,0.18,0.36,1
7171,2017-10-01,0,484,30.0,30,7.0,55.49,0.43,0.34,0.18,1
7171,2017-11-01,0,484,31.0,31,7.0,46.96,0.35,6.41,0.34,1
7171,2017-12-01,0,484,59.0,59,7.0,136.6,0.54,10.29,6.41,1
7171,2018-01-01,0,484,104.0,104,7.0,247.59,0.56,9.3,10.29,1
7171,2018-02-01,0,484,126.0,126,7.0,388.46,0.72,5.32,9.3,1
7171,2018-03-01,0,484,133.0,133,7.0,418.35,0.74,3.17,5.32,1
7171,2018-04-01,0,484,118.0,119,7.0,367.12,0.72,4.29,3.17,1
7171,2018-05-01,0,484,100.0,104,7.0,298.82,0.67,0.62,4.29,1
7171,2018-06-01,0,484,44.0,44,7.0,98.18,0.52,0.61,0.62,1
7171,2018-07-01,0,484,59.0,59,7.0,157.95,0.63,4.0,0.61,1
7171,2018-08-01,0,484,62.0,62,7.0,85.38,0.32,0.23,4.0,1
7171,2018-09-01,0,484,59.0,59,7.0,110.99,0.44,0.36,0.23,1
7171,2018-10-01,0,484,39.0,39,7.0,85.38,0.51,0.56,0.36,1
7174,2016-12-01,0,331,0.0,6,7.0,36.51,0.67,4.39,1.55,1
7174,2017-01-01,0,331,0.0,14,7.0,100.4,0.79,5.64,4.39,1
7174,2017-02-01,0,331,14.0,17,7.0,109.53,0.71,3.42,5.64,1
7174,2017-03-01,0,331,0.0,15,7.0,73.02,0.53,5.78,3.42,1
7174,2017-04-01,0,331,0.0,7,7.0,54.76,0.86,4.8,5.78,1
7174,2017-05-01,0,331,14.0,14,7.0,91.27,0.71,0.57,4.8,1
7174,2017-06-01,0,331,10.0,12,7.0,63.89,0.58,1.12,0.57,1
7174,2017-07-01,0,331,9.0,10,7.0,9.13,0.1,0.82,1.12,1
7174,2017-08-01,0,331,9.0,13,7.0,63.89,0.54,0.36,0.82,1
7174,2017-09-01,0,331,17.0,17,7.0,45.64,0.29,0.18,0.36,1
7174,2017-10-01,0,331,10.0,15,7.0,63.89,0.47,0.34,0.18,1
7174,2017-11-01,0,331,2.0,3,7.0,0.0,0.0,6.41,0.34,1
7174,2017-12-01,0,331,9.0,17,7.0,118.66,0.76,10.29,6.41,1
7174,2018-01-01,0,331,20.0,22,7.0,109.53,0.55,9.3,10.29,1
7174,2018-02-01,0,331,16.0,21,7.0,127.78,0.67,5.32,9.3,1
7174,2018-03-01,0,331,19.0,19,7.0,73.02,0.42,3.17,5.32,1
7174,2018-04-01,0,331,6.0,10,7.0,63.89,0.7,4.29,3.17,1
7174,2018-05-01,0,331,15.0,17,7.0,82.15,0.53,0.62,4.29,1
7174,2018-06-01,0,331,17.0,24,7.0,136.91,0.62,0.61,0.62,1
7174,2018-07-01,0,331,12.0,12,7.0,73.02,0.67,4.0,0.61,1
7174,2018-08-01,0,331,14.0,14,7.0,54.76,0.43,0.23,4.0,1
7174,2018-09-01,0,331,13.0,13,7.0,82.15,0.69,0.36,0.23,1
7174,2018-10-01,0,331,7.0,7,7.0,27.38,0.43,0.56,0.36,1
7175,2016-12-01,0,746,1.0,58,7.0,43.13,0.41,4.39,1.55,1
7175,2017-01-01,0,746,1.0,89,7.0,79.06,0.49,5.64,4.39,1
7175,2017-02-01,0,746,14.0,146,7.0,161.72,0.62,3.42,5.64,1
7175,2017-03-01,0,746,14.0,131,7.0,134.77,0.57,5.78,3.42,1
7175,2017-04-01,0,746,3.0,113,7.0,111.41,0.55,4.8,5.78,1
7175,2017-05-01,0,746,118.0,158,7.0,147.35,0.52,0.57,4.8,1
7175,2017-06-01,0,746,270.0,270,7.0,305.47,0.63,1.12,0.57,1
7175,2017-07-01,0,746,80.0,80,7.0,104.22,0.72,0.82,1.12,1
7175,2017-08-01,0,746,105.0,108,7.0,84.45,0.44,0.36,0.82,1
7175,2017-09-01,0,746,79.0,95,7.0,95.24,0.56,0.18,0.36,1
7175,2017-10-01,0,746,54.0,54,7.0,50.31,0.52,0.34,0.18,1
7175,2017-11-01,0,746,113.0,113,7.0,73.67,0.36,6.41,0.34,1
7175,2017-12-01,0,746,128.0,128,7.0,115.0,0.5,10.29,6.41,1
7175,2018-01-01,0,746,190.0,190,7.0,159.92,0.47,9.3,10.29,1
7175,2018-02-01,0,746,146.0,146,7.0,150.94,0.58,5.32,9.3,1
7175,2018-03-01,0,746,168.0,169,7.0,158.13,0.52,3.17,5.32,1
7175,2018-04-01,0,746,157.0,157,7.0,159.92,0.57,4.29,3.17,1
7175,2018-05-01,0,746,134.0,134,7.0,158.13,0.66,0.62,4.29,1
7175,2018-06-01,0,746,122.0,122,7.0,95.24,0.43,0.61,0.62,1
7175,2018-07-01,0,746,80.0,80,7.0,59.3,0.41,4.0,0.61,1
7175,2018-08-01,0,746,109.0,109,7.0,62.89,0.32,0.23,4.0,1
7175,2018-09-01,0,746,112.0,112,7.0,88.05,0.44,0.36,0.23,1
7175,2018-10-01,0,746,91.0,91,7.0,50.31,0.31,0.56,0.36,1
7176,2016-12-01,0,374,14.0,11,7.0,21.45,0.27,4.39,1.55,1
7176,2017-01-01,0,374,14.0,31,7.0,114.39,0.52,5.64,4.39,1
7176,2017-02-01,0,374,14.0,37,7.0,157.28,0.59,3.42,5.64,1
7176,2017-03-01,0,374,14.0,31,7.0,114.39,0.52,5.78,3.42,1
7176,2017-04-01,0,374,1.0,39,7.0,157.28,0.56,4.8,5.78,1
7176,2017-05-01,0,374,48.0,56,7.0,250.22,0.62,0.57,4.8,1
7176,2017-06-01,0,374,79.0,79,7.0,378.91,0.67,1.12,0.57,1
7176,2017-07-01,0,374,34.0,34,7.0,178.73,0.74,0.82,1.12,1
7176,2017-08-01,0,374,33.0,33,7.0,107.24,0.45,0.36,0.82,1
7176,2017-09-01,0,374,37.0,37,7.0,185.88,0.7,0.18,0.36,1
7176,2017-10-01,0,374,31.0,31,7.0,157.28,0.71,0.34,0.18,1
7176,2017-11-01,0,374,59.0,59,7.0,200.18,0.47,6.41,0.34,1
7176,2017-12-01,0,374,44.0,45,7.0,171.58,0.53,10.29,6.41,1
7176,2018-01-01,0,374,66.0,66,7.0,257.37,0.55,9.3,10.29,1
7176,2018-02-01,0,374,41.0,41,7.0,185.88,0.63,5.32,9.3,1
7176,2018-03-01,0,374,60.0,60,7.0,214.48,0.5,3.17,5.32,1
7176,2018-04-01,0,374,40.0,40,7.0,171.58,0.6,4.29,3.17,1
7176,2018-05-01,0,374,60.0,60,7.0,185.88,0.43,0.62,4.29,1
7176,2018-06-01,0,374,61.0,61,7.0,221.62,0.51,0.61,0.62,1
7176,2018-07-01,0,374,54.0,54,7.0,250.22,0.65,4.0,0.61,1
7176,2018-08-01,0,374,43.0,43,7.0,171.58,0.56,0.23,4.0,1
7176,2018-09-01,0,374,57.0,57,7.0,207.33,0.51,0.36,0.23,1
7176,2018-10-01,0,374,39.0,39,7.0,107.24,0.38,0.56,0.36,1
7177,2016-12-01,0,623,14.0,7,7.0,10.31,0.57,4.39,1.55,1
7177,2017-01-01,0,623,14.0,51,7.0,64.41,0.49,5.64,4.39,1
7177,2017-02-01,0,623,14.0,109,7.0,182.93,0.65,3.42,5.64,1
7177,2017-03-01,0,623,14.0,93,7.0,136.55,0.57,5.78,3.42,1
7177,2017-04-01,0,623,4.0,85,7.0,115.94,0.53,4.8,5.78,1
7177,2017-05-01,0,623,88.0,102,7.0,159.74,0.61,0.57,4.8,1
7177,2017-06-01,0,623,119.0,119,7.0,200.96,0.66,1.12,0.57,1
7177,2017-07-01,0,623,70.0,70,7.0,136.55,0.76,0.82,1.12,1
7177,2017-08-01,0,623,87.0,87,7.0,108.21,0.48,0.36,0.82,1
7177,2017-09-01,0,623,78.0,78,7.0,97.91,0.49,0.18,0.36,1
7177,2017-10-01,0,623,70.0,70,7.0,95.33,0.53,0.34,0.18,1
7177,2017-11-01,0,623,76.0,76,7.0,61.84,0.32,6.41,0.34,1
7177,2017-12-01,0,623,77.0,77,7.0,87.6,0.44,10.29,6.41,1
7177,2018-01-01,0,623,134.0,134,7.0,172.62,0.5,9.3,10.29,1
7177,2018-02-01,0,623,83.0,83,7.0,77.29,0.36,5.32,9.3,1
7177,2018-03-01,0,623,138.0,139,7.0,224.15,0.63,3.17,5.32,1
7177,2018-04-01,0,623,121.0,121,7.0,162.32,0.52,4.29,3.17,1
7177,2018-05-01,0,623,110.0,110,7.0,182.93,0.65,0.62,4.29,1
7177,2018-06-01,0,623,108.0,108,7.0,162.32,0.58,0.61,0.62,1
7177,2018-07-01,0,623,76.0,76,7.0,110.79,0.57,4.0,0.61,1
7177,2018-08-01,0,623,86.0,86,7.0,90.18,0.41,0.23,4.0,1
7177,2018-09-01,0,623,88.0,88,7.0,105.63,0.47,0.36,0.23,1
7177,2018-10-01,0,623,67.0,67,7.0,72.14,0.42,0.56,0.36,1
7178,2017-01-01,1,405,14.0,8,7.0,24.39,0.5,5.64,4.39,1
7178,2017-02-01,1,405,14.0,20,7.0,48.77,0.4,3.42,5.64,1
7178,2017-03-01,1,405,14.0,18,7.0,73.16,0.67,5.78,3.42,1
7178,2017-04-01,1,405,14.0,19,7.0,85.35,0.74,4.8,5.78,1
7178,2017-05-01,1,405,12.0,16,7.0,54.87,0.56,0.57,4.8,1
7178,2017-06-01,1,405,11.0,11,7.0,30.48,0.45,1.12,0.57,1
7178,2017-07-01,1,405,11.0,11,7.0,48.77,0.73,0.82,1.12,1
7178,2017-08-01,1,405,6.0,6,7.0,18.29,0.5,0.36,0.82,1
7178,2017-09-01,1,405,17.0,17,7.0,73.16,0.71,0.18,0.36,1
7178,2017-10-01,1,405,11.0,11,7.0,18.29,0.27,0.34,0.18,1
7178,2017-11-01,1,405,4.0,4,7.0,6.1,0.25,6.41,0.34,1
7178,2017-12-01,1,405,8.0,8,7.0,30.48,0.62,10.29,6.41,1
7178,2018-01-01,1,405,31.0,31,7.0,91.45,0.48,9.3,10.29,1
7178,2018-02-01,1,405,36.0,36,7.0,91.45,0.42,5.32,9.3,1
7178,2018-03-01,1,405,27.0,27,7.0,67.06,0.41,3.17,5.32,1
7178,2018-04-01,1,405,14.0,14,7.0,42.68,0.5,4.29,3.17,1
7178,2018-05-01,1,405,34.0,34,7.0,128.03,0.62,0.62,4.29,1
7178,2018-06-01,1,405,32.0,32,7.0,79.26,0.41,0.61,0.62,1
7178,2018-07-01,1,405,25.0,25,7.0,73.16,0.48,4.0,0.61,1
7178,2018-08-01,1,405,30.0,30,7.0,73.16,0.4,0.23,4.0,1
7178,2018-09-01,1,405,36.0,36,7.0,128.03,0.58,0.36,0.23,1
7178,2018-10-01,1,405,19.0,19,7.0,48.77,0.42,0.56,0.36,1
7179,2016-12-01,0,587,14.0,6,7.0,8.71,0.5,4.39,1.55,1
7179,2017-01-01,0,587,14.0,15,7.0,17.41,0.4,5.64,4.39,1
7179,2017-02-01,0,587,14.0,56,7.0,110.28,0.68,3.42,5.64,1
7179,2017-03-01,0,587,14.0,40,7.0,66.75,0.57,5.78,3.42,1
7179,2017-04-01,0,587,2.0,43,7.0,55.14,0.44,4.8,5.78,1
7179,2017-05-01,0,587,38.0,47,7.0,63.85,0.47,0.57,4.8,1
7179,2017-06-01,0,587,51.0,51,7.0,89.97,0.61,1.12,0.57,1
7179,2017-07-01,0,587,48.0,48,7.0,81.26,0.58,0.82,1.12,1
7179,2017-08-01,0,587,56.0,56,7.0,101.58,0.62,0.36,0.82,1
7179,2017-09-01,0,587,36.0,36,7.0,49.34,0.47,0.18,0.36,1
7179,2017-10-01,0,587,41.0,41,7.0,60.95,0.51,0.34,0.18,1
7179,2017-11-01,0,587,29.0,29,7.0,40.63,0.48,6.41,0.34,1
7179,2017-12-01,0,587,26.0,26,7.0,31.92,0.42,10.29,6.41,1
7179,2018-01-01,0,587,80.0,80,7.0,81.26,0.35,9.3,10.29,1
7179,2018-02-01,0,587,36.0,36,7.0,49.34,0.47,5.32,9.3,1
7179,2018-03-01,0,587,62.0,62,7.0,75.46,0.42,3.17,5.32,1
7179,2018-04-01,0,587,50.0,50,7.0,81.26,0.56,4.29,3.17,1
7179,2018-05-01,0,587,55.0,55,7.0,101.58,0.64,0.62,4.29,1
7179,2018-06-01,0,587,44.0,44,7.0,81.26,0.64,0.61,0.62,1
7179,2018-07-01,0,587,27.0,27,7.0,31.92,0.41,4.0,0.61,1
7179,2018-08-01,0,587,43.0,43,7.0,55.14,0.44,0.23,4.0,1
7179,2018-09-01,0,587,48.0,48,7.0,69.65,0.5,0.36,0.23,1
7179,2018-10-01,0,587,22.0,22,7.0,31.92,0.5,0.56,0.36,1
7180,2016-12-01,1,228,14.0,2,7.0,0.0,0.0,4.39,1.55,1
7180,2017-01-01,1,228,14.0,13,7.0,134.66,0.54,5.64,4.39,1
7180,2017-02-01,1,228,14.0,15,7.0,173.13,0.6,3.42,5.64,1
7180,2017-03-01,1,228,14.0,17,7.0,211.6,0.65,5.78,3.42,1
7180,2017-04-01,1,228,14.0,19,7.0,192.37,0.53,4.8,5.78,1
7180,2017-05-01,1,228,9.0,11,7.0,173.13,0.82,0.57,4.8,1
7180,2017-06-01,1,228,22.0,22,7.0,346.26,0.82,1.12,0.57,1
7180,2017-07-01,1,228,10.0,10,7.0,153.89,0.8,0.82,1.12,1
7180,2017-08-01,1,228,11.0,11,7.0,173.13,0.82,0.36,0.82,1
7180,2017-09-01,1,228,15.0,15,7.0,211.6,0.73,0.18,0.36,1
7180,2017-10-01,1,228,11.0,11,7.0,153.89,0.73,0.34,0.18,1
7180,2017-11-01,1,228,8.0,8,7.0,38.47,0.25,6.41,0.34,1
7180,2017-12-01,1,228,9.0,9,7.0,76.95,0.44,10.29,6.41,1
7180,2018-01-01,1,228,27.0,27,7.0,269.31,0.52,9.3,10.29,1
7180,2018-02-01,1,228,11.0,11,7.0,76.95,0.36,5.32,9.3,1
7180,2018-03-01,1,228,17.0,17,7.0,173.13,0.53,3.17,5.32,1
7180,2018-04-01,1,228,23.0,23,7.0,250.08,0.57,4.29,3.17,1
7180,2018-05-01,1,228,21.0,21,7.0,173.13,0.43,0.62,4.29,1
7180,2018-06-01,1,228,10.0,10,7.0,96.18,0.5,0.61,0.62,1
7180,2018-07-01,1,228,7.0,7,7.0,19.24,0.14,4.0,0.61,1
7180,2018-08-01,1,228,8.0,8,7.0,96.18,0.62,0.23,4.0,1
7180,2018-09-01,1,228,21.0,21,7.0,192.37,0.48,0.36,0.23,1
7180,2018-10-01,1,228,14.0,14,7.0,96.18,0.36,0.56,0.36,1
7182,2016-12-01,1,172,14.0,8,7.0,169.01,0.62,4.39,1.55,1
7182,2017-01-01,1,172,14.0,11,7.0,202.81,0.55,5.64,4.39,1
7182,2017-02-01,1,172,14.0,14,7.0,338.02,0.71,3.42,5.64,1
7182,2017-03-01,1,172,14.0,27,7.0,439.43,0.48,5.78,3.42,1
7182,2017-04-01,1,172,1.0,13,7.0,270.42,0.62,4.8,5.78,1
7182,2017-05-01,1,172,18.0,22,7.0,405.62,0.55,0.57,4.8,1
7182,2017-06-01,1,172,28.0,28,7.0,642.24,0.68,1.12,0.57,1
7182,2017-07-01,1,172,20.0,20,7.0,439.43,0.65,0.82,1.12,1
7182,2017-08-01,1,172,14.0,14,7.0,338.02,0.71,0.36,0.82,1
7182,2017-09-01,1,172,24.0,24,7.0,507.03,0.62,0.18,0.36,1
7182,2017-10-01,1,172,16.0,16,7.0,304.22,0.56,0.34,0.18,1
7182,2017-11-01,1,172,17.0,17,7.0,304.22,0.53,6.41,0.34,1
7182,2017-12-01,1,172,18.0,18,7.0,135.21,0.22,10.29,6.41,1
7182,2018-01-01,1,172,33.0,33,7.0,642.24,0.58,9.3,10.29,1
7182,2018-02-01,1,172,21.0,21,7.0,540.83,0.76,5.32,9.3,1
7182,2018-03-01,1,172,33.0,33,7.0,608.44,0.55,3.17,5.32,1
7182,2018-04-01,1,172,17.0,17,7.0,270.42,0.47,4.29,3.17,1
7182,2018-05-01,1,172,20.0,20,7.0,371.82,0.55,0.62,4.29,1
7182,2018-06-01,1,172,25.0,25,7.0,507.03,0.6,0.61,0.62,1
7182,2018-07-01,1,172,15.0,15,7.0,270.42,0.53,4.0,0.61,1
7182,2018-08-01,1,172,18.0,18,7.0,135.21,0.22,0.23,4.0,1
7182,2018-09-01,1,172,24.0,24,7.0,507.03,0.62,0.36,0.23,1
7182,2018-10-01,1,172,14.0,14,7.0,236.61,0.5,0.56,0.36,1
7183,2016-12-01,0,315,14.0,3,7.0,10.08,0.33,4.39,1.55,1
7183,2017-01-01,0,315,14.0,10,7.0,40.31,0.4,5.64,4.39,1
7183,2017-02-01,0,315,14.0,10,7.0,60.47,0.6,3.42,5.64,1
7183,2017-03-01,0,315,14.0,10,7.0,70.55,0.7,5.78,3.42,1
7183,2017-04-01,0,315,14.0,7,7.0,30.23,0.43,4.8,5.78,1
7183,2017-05-01,0,315,9.0,13,7.0,80.62,0.62,0.57,4.8,1
7183,2017-06-01,0,315,16.0,16,7.0,131.02,0.81,1.12,0.57,1
7183,2017-07-01,0,315,6.0,6,7.0,60.47,1.0,0.82,1.12,1
7183,2017-08-01,0,315,15.0,15,7.0,90.7,0.6,0.36,0.82,1
7183,2017-09-01,0,315,9.0,9,7.0,60.47,0.67,0.18,0.36,1
7183,2017-10-01,0,315,3.0,3,7.0,20.16,0.67,0.34,0.18,1
7183,2017-11-01,0,315,9.0,9,7.0,30.23,0.33,6.41,0.34,1
7183,2017-12-01,0,315,11.0,11,7.0,60.47,0.55,10.29,6.41,1
7183,2018-01-01,0,315,20.0,20,7.0,100.78,0.5,9.3,10.29,1
7183,2018-02-01,0,315,12.0,12,7.0,50.39,0.42,5.32,9.3,1
7183,2018-03-01,0,315,18.0,18,7.0,80.62,0.44,3.17,5.32,1
7183,2018-04-01,0,315,26.0,26,7.0,131.02,0.5,4.29,3.17,1
7183,2018-05-01,0,315,15.0,15,7.0,110.86,0.73,0.62,4.29,1
7183,2018-06-01,0,315,17.0,17,7.0,70.55,0.41,0.61,0.62,1
7183,2018-07-01,0,315,10.0,10,7.0,30.23,0.3,4.0,0.61,1
7183,2018-08-01,0,315,12.0,12,7.0,40.31,0.33,0.23,4.0,1
7183,2018-09-01,0,315,16.0,16,7.0,80.62,0.5,0.36,0.23,1
7183,2018-10-01,0,315,6.0,6,7.0,0.0,0.0,0.56,0.36,1
7184,2016-12-01,0,128,1.0,5,7.0,122.07,0.4,4.39,1.55,1
7184,2017-01-01,0,128,14.0,12,7.0,305.18,0.42,5.64,4.39,1
7184,2017-02-01,0,128,14.0,27,7.0,854.49,0.52,3.42,5.64,1
7184,2017-04-01,0,128,14.0,21,7.0,671.39,0.52,4.8,5.78,1
7184,2017-07-01,0,128,10.0,10,7.0,366.21,0.6,0.82,4.8,1
7184,2017-08-01,0,128,17.0,17,7.0,427.25,0.41,0.36,0.82,1
7184,2017-11-01,0,128,22.0,22,7.0,671.39,0.5,6.41,0.36,1
7184,2017-12-01,0,128,24.0,24,7.0,793.46,0.54,10.29,6.41,1
7184,2018-02-01,0,128,27.0,27,7.0,854.49,0.52,5.32,10.29,1
7184,2018-07-01,0,128,28.0,28,7.0,854.49,0.5,4.0,5.32,1
7184,2018-08-01,0,128,21.0,21,7.0,488.28,0.38,0.23,4.0,1
7184,2018-10-01,0,128,33.0,33,7.0,671.39,0.33,0.56,0.23,1
7185,2017-01-01,1,232,14.0,3,2.0,55.74,1.0,5.64,4.39,0
7185,2017-02-01,1,232,14.0,7,2.0,92.9,0.71,3.42,5.64,0
7185,2017-03-01,1,232,14.0,4,2.0,55.74,0.75,5.78,3.42,0
7185,2017-04-01,1,232,14.0,2,2.0,37.16,1.0,4.8,5.78,0
7185,2017-05-01,1,232,6.0,7,2.0,55.74,0.43,0.57,4.8,0
7185,2017-06-01,1,232,9.0,9,2.0,92.9,0.56,1.12,0.57,0
7185,2017-07-01,1,232,6.0,6,2.0,92.9,0.83,0.82,1.12,0
7185,2017-08-01,1,232,10.0,10,2.0,130.05,0.7,0.36,0.82,0
7185,2017-09-01,1,232,14.0,14,2.0,167.21,0.64,0.18,0.36,0
7185,2017-10-01,1,232,10.0,10,2.0,148.63,0.8,0.34,0.18,0
7185,2017-11-01,1,232,11.0,11,2.0,111.47,0.55,6.41,0.34,0
7185,2017-12-01,1,232,2.0,2,2.0,37.16,1.0,10.29,6.41,0
7185,2018-01-01,1,232,5.0,5,2.0,55.74,0.6,9.3,10.29,0
7185,2018-02-01,1,232,3.0,3,2.0,18.58,0.33,5.32,9.3,0
7185,2018-03-01,1,232,17.0,17,2.0,260.11,0.82,3.17,5.32,0
7185,2018-04-01,1,232,10.0,10,2.0,111.47,0.6,4.29,3.17,0
7185,2018-05-01,1,232,14.0,14,2.0,167.21,0.64,0.62,4.29,0
7185,2018-06-01,1,232,14.0,14,2.0,204.37,0.79,0.61,0.62,0
7185,2018-07-01,1,232,7.0,7,2.0,111.47,0.86,4.0,0.61,0
7185,2018-08-01,1,232,13.0,13,2.0,111.47,0.46,0.23,4.0,0
7185,2018-09-01,1,232,18.0,18,2.0,167.21,0.5,0.36,0.23,0
7185,2018-10-01,1,232,7.0,7,2.0,55.74,0.43,0.56,0.36,0
7186,2016-12-01,1,798,1.0,3,7.0,1.57,0.33,4.39,1.55,1
7186,2017-01-01,1,798,14.0,10,7.0,6.28,0.4,5.64,4.39,1
7186,2017-02-01,1,798,14.0,26,7.0,29.84,0.73,3.42,5.64,1
7186,2017-03-01,1,798,14.0,34,7.0,34.55,0.65,5.78,3.42,1
7186,2017-04-01,1,798,14.0,21,7.0,18.84,0.57,4.8,5.78,1
7186,2017-05-01,1,798,31.0,43,7.0,39.26,0.58,0.57,4.8,1
7186,2017-06-01,1,798,50.0,50,7.0,42.4,0.54,1.12,0.57,1
7186,2017-07-01,1,798,26.0,26,7.0,20.41,0.5,0.82,1.12,1
7186,2017-08-01,1,798,32.0,32,7.0,25.13,0.5,0.36,0.82,1
7186,2017-09-01,1,798,30.0,30,7.0,21.98,0.47,0.18,0.36,1
7186,2017-10-01,1,798,35.0,35,7.0,21.98,0.4,0.34,0.18,1
7186,2017-11-01,1,798,48.0,48,7.0,15.7,0.21,6.41,0.34,1
7186,2017-12-01,1,798,67.0,67,7.0,53.39,0.51,10.29,6.41,1
7186,2018-01-01,1,798,130.0,130,7.0,124.06,0.61,9.3,10.29,1
7186,2018-02-01,1,798,81.0,81,7.0,70.67,0.56,5.32,9.3,1
7186,2018-03-01,1,798,156.0,156,7.0,144.47,0.59,3.17,5.32,1
7186,2018-04-01,1,798,124.0,124,7.0,114.63,0.59,4.29,3.17,1
7186,2018-05-01,1,798,116.0,116,7.0,119.35,0.66,0.62,4.29,1
7186,2018-06-01,1,798,130.0,130,7.0,124.06,0.61,0.61,0.62,1
7186,2018-07-01,1,798,79.0,79,7.0,64.38,0.52,4.0,0.61,1
7186,2018-08-01,1,798,104.0,104,7.0,64.38,0.39,0.23,4.0,1
7186,2018-09-01,1,798,121.0,121,7.0,80.09,0.42,0.36,0.23,1
7186,2018-10-01,1,798,73.0,73,7.0,43.97,0.38,0.56,0.36,1
7187,2016-12-01,1,646,14.0,2,7.0,0.0,0.0,4.39,1.55,1
7187,2017-01-01,1,646,14.0,1,7.0,0.0,0.0,5.64,4.39,1
7187,2017-05-01,1,646,12.0,12,7.0,26.36,0.92,0.57,4.8,1
7187,2017-06-01,1,646,33.0,33,7.0,43.13,0.55,1.12,0.57,1
7187,2017-07-01,1,646,5.0,5,7.0,4.79,0.4,0.82,1.12,1
7187,2017-08-01,1,646,4.0,4,7.0,2.4,0.25,0.36,0.82,1
7187,2017-09-01,1,646,22.0,22,7.0,23.96,0.45,0.18,0.36,1
7187,2017-10-01,1,646,41.0,41,7.0,55.11,0.56,0.34,0.18,1
7187,2017-11-01,1,646,14.0,14,7.0,14.38,0.43,6.41,0.34,1
7187,2017-12-01,1,646,28.0,28,7.0,33.55,0.5,10.29,6.41,1
7187,2018-01-01,1,646,6.0,6,7.0,7.19,0.5,9.3,10.29,1
7187,2018-02-01,1,646,17.0,17,7.0,23.96,0.59,5.32,9.3,1
7189,2016-12-01,1,1235,14.0,14,3.0,3.93,0.43,4.39,1.55,0
7189,2017-01-01,1,1235,14.0,35,3.0,9.83,0.43,5.64,4.39,0
7189,2017-02-01,1,1235,14.0,43,3.0,11.8,0.42,3.42,5.64,0
7189,2017-03-01,1,1235,14.0,59,3.0,20.32,0.53,5.78,3.42,0
7189,2017-04-01,1,1235,14.0,39,3.0,9.83,0.38,4.8,5.78,0
7189,2017-05-01,1,1235,1.0,42,3.0,15.08,0.55,0.57,4.8,0
7189,2017-06-01,1,1235,59.0,62,3.0,27.54,0.68,1.12,0.57,0
7189,2017-07-01,1,1235,45.0,45,3.0,19.67,0.67,0.82,1.12,0
7189,2017-08-01,1,1235,56.0,56,3.0,22.95,0.62,0.36,0.82,0
7189,2017-09-01,1,1235,58.0,58,3.0,24.91,0.66,0.18,0.36,0
7189,2017-10-01,1,1235,53.0,53,3.0,22.29,0.64,0.34,0.18,0
7189,2017-11-01,1,1235,37.0,37,3.0,16.39,0.68,6.41,0.34,0
7189,2017-12-01,1,1235,50.0,50,3.0,13.11,0.4,10.29,6.41,0
7189,2018-01-01,1,1235,96.0,96,3.0,28.85,0.46,9.3,10.29,0
7189,2018-02-01,1,1235,66.0,66,3.0,16.39,0.38,5.32,9.3,0
7189,2018-03-01,1,1235,85.0,85,3.0,28.19,0.51,3.17,5.32,0
7189,2018-04-01,1,1235,44.0,44,3.0,13.77,0.48,4.29,3.17,0
7189,2018-05-01,1,1235,59.0,59,3.0,19.67,0.51,0.62,4.29,0
7189,2018-06-01,1,1235,70.0,70,3.0,24.91,0.54,0.61,0.62,0
7189,2018-07-01,1,1235,49.0,49,3.0,19.67,0.61,4.0,0.61,0
7189,2018-08-01,1,1235,54.0,54,3.0,12.46,0.35,0.23,4.0,0
7189,2018-09-01,1,1235,57.0,57,3.0,14.42,0.39,0.36,0.23,0
7189,2018-10-01,1,1235,63.0,63,3.0,19.67,0.48,0.56,0.36,0
7190,2016-12-01,1,312,14.0,5,8.4,0.0,0.0,4.39,1.55,0
7190,2017-01-01,1,312,14.0,11,8.4,71.91,0.64,5.64,4.39,0
7190,2017-02-01,1,312,14.0,10,8.4,61.64,0.6,3.42,5.64,0
7190,2017-03-01,1,312,14.0,6,8.4,41.09,0.67,5.78,3.42,0
7190,2017-04-01,1,312,14.0,5,8.4,30.82,0.6,4.8,5.78,0
7190,2017-05-01,1,312,3.0,3,8.4,30.82,1.0,0.57,4.8,0
7190,2017-06-01,1,312,11.0,11,8.4,51.36,0.45,1.12,0.57,0
7190,2017-07-01,1,312,8.0,8,8.4,51.36,0.62,0.82,1.12,0
7190,2017-08-01,1,312,1.0,99,8.4,862.92,0.85,0.36,0.82,0
7190,2017-09-01,1,312,5.0,5,8.4,41.09,0.8,0.18,0.36,0
7190,2017-10-01,1,312,3.0,3,8.4,30.82,1.0,0.34,0.18,0
7190,2017-11-01,1,312,2.0,2,8.4,0.0,0.0,6.41,0.34,0
7190,2017-12-01,1,312,5.0,5,8.4,30.82,0.6,10.29,6.41,0
7190,2018-01-01,1,312,2.0,2,8.4,10.27,0.5,9.3,10.29,0
7190,2018-02-01,1,312,4.0,4,8.4,20.55,0.5,5.32,9.3,0
7190,2018-03-01,1,312,3.0,3,8.4,30.82,1.0,3.17,5.32,0
7190,2018-04-01,1,312,6.0,6,8.4,30.82,0.5,4.29,3.17,0
7190,2018-05-01,1,312,2.0,2,8.4,10.27,0.5,0.62,4.29,0
7190,2018-06-01,1,312,5.0,5,8.4,41.09,0.8,0.61,0.62,0
7190,2018-07-01,1,312,5.0,5,8.4,20.55,0.4,4.0,0.61,0
7190,2018-08-01,1,312,3.0,3,8.4,30.82,1.0,0.23,4.0,0
7190,2018-09-01,1,312,1.0,1,8.4,0.0,0.0,0.36,0.23,0
7191,2016-12-01,1,483,14.0,1,4.8,0.0,0.0,4.39,1.55,0
7191,2017-01-01,1,483,14.0,1,4.8,0.0,0.0,5.64,4.39,0
7191,2017-02-01,1,483,14.0,3,4.8,4.29,0.33,3.42,5.64,0
7191,2017-03-01,1,483,14.0,4,4.8,12.86,0.75,5.78,3.42,0
7191,2017-04-01,1,483,14.0,9,4.8,30.01,0.78,4.8,5.78,0
7191,2017-05-01,1,483,14.0,1,4.8,0.0,0.0,0.57,4.8,0
7191,2017-06-01,1,483,3.0,3,4.8,4.29,0.33,1.12,0.57,0
7191,2017-07-01,1,483,1.0,1,4.8,4.29,1.0,0.82,1.12,0
7191,2017-08-01,1,483,7.0,7,4.8,12.86,0.43,0.36,0.82,0
7191,2017-09-01,1,483,1.0,1,4.8,0.0,0.0,0.18,0.36,0
7191,2017-10-01,1,483,6.0,6,4.8,21.43,0.83,0.34,0.18,0
7191,2017-11-01,1,483,2.0,2,4.8,4.29,0.5,6.41,0.34,0
7191,2017-12-01,1,483,3.0,3,4.8,8.57,0.67,10.29,6.41,0
7191,2018-01-01,1,483,3.0,3,4.8,4.29,0.33,9.3,10.29,0
7191,2018-02-01,1,483,2.0,2,4.8,8.57,1.0,5.32,9.3,0
7191,2018-03-01,1,483,4.0,4,4.8,4.29,0.25,3.17,5.32,0
7191,2018-04-01,1,483,4.0,4,4.8,12.86,0.75,4.29,3.17,0
7191,2018-05-01,1,483,2.0,2,4.8,8.57,1.0,0.62,4.29,0
7191,2018-07-01,1,483,2.0,2,4.8,4.29,0.5,4.0,0.62,0
7191,2018-08-01,1,483,2.0,2,4.8,0.0,0.0,0.23,4.0,0
7191,2018-09-01,1,483,7.0,7,4.8,12.86,0.43,0.36,0.23,0
7191,2018-10-01,1,483,2.0,2,4.8,4.29,0.5,0.56,0.36,0
7192,2017-03-01,1,675,14.0,1,7.0,2.19,1.0,5.78,3.42,1
7192,2017-07-01,1,675,5.0,5,7.0,8.78,0.8,0.82,5.78,1
7192,2017-08-01,1,675,2.0,2,7.0,4.39,1.0,0.36,0.82,1
7192,2017-09-01,1,675,1.0,1,7.0,0.0,0.0,0.18,0.36,1
7192,2017-12-01,1,675,1.0,1,7.0,0.0,0.0,10.29,6.41,1
7192,2018-02-01,1,675,0.0,3,7.0,6.58,1.0,5.32,10.29,1
7192,2018-03-01,1,675,0.0,2,7.0,4.39,1.0,3.17,5.32,1
7192,2018-08-01,1,675,1.0,1,7.0,2.19,1.0,0.23,3.17,1
7192,2018-09-01,1,675,3.0,3,7.0,0.0,0.0,0.36,0.23,1
7193,2017-01-01,0,204,14.0,2,7.0,24.03,0.5,5.64,4.39,1
7193,2017-02-01,0,204,14.0,8,7.0,120.15,0.62,3.42,5.64,1
7193,2017-03-01,0,204,14.0,5,7.0,96.12,0.8,5.78,3.42,1
7193,2017-04-01,0,204,14.0,7,7.0,120.15,0.71,4.8,5.78,1
7193,2017-05-01,0,204,14.0,4,7.0,0.0,0.0,0.57,4.8,1
7193,2017-07-01,0,204,5.0,11,7.0,120.15,0.45,0.82,0.57,1
7193,2017-08-01,0,204,12.0,12,7.0,120.15,0.42,0.36,0.82,1
7193,2017-09-01,0,204,3.0,3,7.0,48.06,0.67,0.18,0.36,1
7193,2017-10-01,0,204,4.0,4,7.0,96.12,1.0,0.34,0.18,1
7193,2017-11-01,0,204,2.0,2,7.0,24.03,0.5,6.41,0.34,1
7193,2017-12-01,0,204,5.0,5,7.0,96.12,0.8,10.29,6.41,1
7193,2018-01-01,0,204,7.0,7,7.0,96.12,0.57,9.3,10.29,1
7193,2018-02-01,0,204,10.0,10,7.0,168.2,0.7,5.32,9.3,1
7193,2018-03-01,0,204,4.0,4,7.0,72.09,0.75,3.17,5.32,1
7193,2018-04-01,0,204,2.0,2,7.0,48.06,1.0,4.29,3.17,1
7193,2018-05-01,0,204,5.0,5,7.0,72.09,0.6,0.62,4.29,1
7193,2018-06-01,0,204,10.0,11,7.0,144.18,0.55,0.61,0.62,1
7193,2018-07-01,0,204,11.0,11,7.0,168.2,0.64,4.0,0.61,1
7193,2018-08-01,0,204,9.0,13,7.0,168.2,0.54,0.23,4.0,1
7193,2018-09-01,0,204,4.0,6,7.0,72.09,0.5,0.36,0.23,1
7193,2018-10-01,0,204,11.0,11,7.0,192.23,0.73,0.56,0.36,1
7194,2016-12-01,0,411,14.0,4,3.2,17.76,0.75,4.39,1.55,0
7194,2017-01-01,0,411,14.0,2,3.2,5.92,0.5,5.64,4.39,0
7194,2017-02-01,0,411,14.0,2,3.2,5.92,0.5,3.42,5.64,0
7194,2017-03-01,0,411,14.0,2,3.2,5.92,0.5,5.78,3.42,0
7194,2017-04-01,0,411,14.0,5,3.2,29.6,1.0,4.8,5.78,0
7194,2017-05-01,0,411,1.0,5,3.2,17.76,0.6,0.57,4.8,0
7194,2017-06-01,0,411,6.0,6,3.2,17.76,0.5,1.12,0.57,0
7194,2017-07-01,0,411,4.0,4,3.2,11.84,0.5,0.82,1.12,0
7194,2017-08-01,0,411,6.0,6,3.2,35.52,1.0,0.36,0.82,0
7194,2017-09-01,0,411,3.0,3,3.2,11.84,0.67,0.18,0.36,0
7194,2017-10-01,0,411,1.0,1,3.2,5.92,1.0,0.34,0.18,0
7194,2017-11-01,0,411,1.0,1,3.2,0.0,0.0,6.41,0.34,0
7194,2017-12-01,0,411,4.0,4,3.2,11.84,0.5,10.29,6.41,0
7194,2018-01-01,0,411,6.0,6,3.2,23.68,0.67,9.3,10.29,0
7194,2018-02-01,0,411,4.0,4,3.2,5.92,0.25,5.32,9.3,0
7194,2018-03-01,0,411,19.0,19,3.2,53.28,0.47,3.17,5.32,0
7194,2018-04-01,0,411,6.0,6,3.2,23.68,0.67,4.29,3.17,0
7194,2018-05-01,0,411,5.0,5,3.2,23.68,0.8,0.62,4.29,0
7194,2018-06-01,0,411,5.0,5,3.2,23.68,0.8,0.61,0.62,0
7194,2018-07-01,0,411,7.0,7,3.2,11.84,0.29,4.0,0.61,0
7194,2018-08-01,0,411,3.0,3,3.2,5.92,0.33,0.23,4.0,0
7194,2018-09-01,0,411,8.0,8,3.2,23.68,0.5,0.36,0.23,0
7194,2018-10-01,0,411,4.0,4,3.2,23.68,1.0,0.56,0.36,0
7195,2016-12-01,0,1445,14.0,2,2.8,0.0,0.0,4.39,1.55,0
7195,2017-01-01,0,1445,14.0,2,2.8,0.48,0.5,5.64,4.39,0
7195,2017-05-01,0,1445,1.0,1,2.8,0.48,1.0,0.57,4.8,0
7195,2017-06-01,0,1445,2.0,2,2.8,0.48,0.5,1.12,0.57,0
7195,2017-07-01,0,1445,1.0,1,2.8,0.0,0.0,0.82,1.12,0
7195,2017-08-01,0,1445,1.0,1,2.8,0.0,0.0,0.36,0.82,0
7195,2017-09-01,0,1445,3.0,3,2.8,0.96,0.67,0.18,0.36,0
7195,2017-10-01,0,1445,2.0,2,2.8,0.96,1.0,0.34,0.18,0
7195,2017-12-01,0,1445,4.0,4,2.8,0.96,0.5,10.29,6.41,0
7195,2018-01-01,0,1445,2.0,2,2.8,0.48,0.5,9.3,10.29,0
7195,2018-02-01,0,1445,5.0,5,2.8,0.96,0.4,5.32,9.3,0
7195,2018-03-01,0,1445,4.0,4,2.8,0.96,0.5,3.17,5.32,0
7195,2018-09-01,0,1445,3.0,3,2.8,1.44,1.0,0.36,3.17,0
7196,2016-12-01,0,252,14.0,2,7.0,15.75,0.5,4.39,1.55,1
7196,2017-01-01,0,252,14.0,1,7.0,0.0,0.0,5.64,4.39,1
7196,2017-02-01,0,252,14.0,13,7.0,110.23,0.54,3.42,5.64,1
7196,2017-03-01,0,252,14.0,7,7.0,47.24,0.43,5.78,3.42,1
7196,2017-04-01,0,252,14.0,4,7.0,62.99,1.0,4.8,5.78,1
7196,2017-05-01,0,252,14.0,10,7.0,110.23,0.7,0.57,4.8,1
7196,2017-06-01,0,252,5.0,6,7.0,47.24,0.5,1.12,0.57,1
7196,2017-07-01,0,252,7.0,7,7.0,78.74,0.71,0.82,1.12,1
7196,2017-08-01,0,252,5.0,11,7.0,78.74,0.45,0.36,0.82,1
7196,2017-09-01,0,252,1.0,3,7.0,47.24,1.0,0.18,0.36,1
7196,2017-10-01,0,252,3.0,5,7.0,62.99,0.8,0.34,0.18,1
7196,2017-11-01,0,252,2.0,2,7.0,15.75,0.5,6.41,0.34,1
7196,2017-12-01,0,252,6.0,6,7.0,47.24,0.5,10.29,6.41,1
7196,2018-01-01,0,252,6.0,6,7.0,47.24,0.5,9.3,10.29,1
7196,2018-02-01,0,252,10.0,10,7.0,78.74,0.5,5.32,9.3,1
7196,2018-03-01,0,252,2.0,2,7.0,15.75,0.5,3.17,5.32,1
7196,2018-04-01,0,252,7.0,8,7.0,31.49,0.25,4.29,3.17,1
7196,2018-05-01,0,252,8.0,8,7.0,47.24,0.38,0.62,4.29,1
7196,2018-06-01,0,252,3.0,3,7.0,47.24,1.0,0.61,0.62,1
7196,2018-07-01,0,252,7.0,7,7.0,15.75,0.14,4.0,0.61,1
7196,2018-08-01,0,252,3.0,3,7.0,15.75,0.33,0.23,4.0,1
7196,2018-09-01,0,252,3.0,3,7.0,31.49,0.67,0.36,0.23,1
7196,2018-10-01,0,252,6.0,6,7.0,62.99,0.67,0.56,0.36,1
7197,2016-12-01,0,680,14.0,28,7.0,47.58,0.79,4.39,1.55,1
7197,2017-01-01,0,680,14.0,17,7.0,25.95,0.71,5.64,4.39,1
7197,2017-02-01,0,680,14.0,12,7.0,17.3,0.67,3.42,5.64,1
7197,2017-03-01,0,680,14.0,16,7.0,25.95,0.75,5.78,3.42,1
7197,2017-04-01,0,680,14.0,24,7.0,41.09,0.79,4.8,5.78,1
7197,2017-05-01,0,680,18.0,18,7.0,34.6,0.89,0.57,4.8,1
7197,2017-06-01,0,680,20.0,20,7.0,28.11,0.65,1.12,0.57,1
7197,2017-07-01,0,680,13.0,13,7.0,25.95,0.92,0.82,1.12,1
7197,2017-08-01,0,680,24.0,24,7.0,34.6,0.67,0.36,0.82,1
7197,2017-09-01,0,680,36.0,36,7.0,67.04,0.86,0.18,0.36,1
7197,2017-10-01,0,680,30.0,30,7.0,45.42,0.7,0.34,0.18,1
7197,2017-11-01,0,680,31.0,31,7.0,36.76,0.55,6.41,0.34,1
7197,2017-12-01,0,680,20.0,20,7.0,30.28,0.7,10.29,6.41,1
7197,2018-01-01,0,680,53.0,53,7.0,95.16,0.83,9.3,10.29,1
7197,2018-02-01,0,680,11.0,11,7.0,17.3,0.73,5.32,9.3,1
7197,2018-03-01,0,680,22.0,22,7.0,32.44,0.68,3.17,5.32,1
7197,2018-04-01,0,680,33.0,33,7.0,47.58,0.67,4.29,3.17,1
7197,2018-05-01,0,680,16.0,16,7.0,25.95,0.75,0.62,4.29,1
7197,2018-06-01,0,680,22.0,22,7.0,34.6,0.73,0.61,0.62,1
7197,2018-07-01,0,680,29.0,29,7.0,54.07,0.86,4.0,0.61,1
7197,2018-08-01,0,680,25.0,25,7.0,34.6,0.64,0.23,4.0,1
7197,2018-09-01,0,680,43.0,43,7.0,54.07,0.58,0.36,0.23,1
7197,2018-10-01,0,680,2.0,2,7.0,0.0,0.0,0.56,0.36,1
7201,2016-12-01,1,2215,14.0,13,3.6,2.04,0.77,4.39,1.55,0
7201,2017-01-01,1,2215,14.0,107,3.6,15.69,0.72,5.64,4.39,0
7201,2017-02-01,1,2215,14.0,74,3.6,11.21,0.74,3.42,5.64,0
7201,2017-03-01,1,2215,14.0,61,3.6,8.15,0.66,5.78,3.42,0
7201,2017-04-01,1,2215,21.0,42,3.6,5.5,0.64,4.8,5.78,0
7201,2017-05-01,1,2215,37.0,37,3.6,4.48,0.59,0.57,4.8,0
7201,2017-06-01,1,2215,44.0,44,3.6,7.13,0.8,1.12,0.57,0
7201,2017-07-01,1,2215,52.0,52,3.6,7.75,0.73,0.82,1.12,0
7201,2017-08-01,1,2215,55.0,55,3.6,7.54,0.67,0.36,0.82,0
7201,2017-09-01,1,2215,74.0,74,3.6,12.64,0.84,0.18,0.36,0
7201,2017-10-01,1,2215,114.0,114,3.6,16.92,0.73,0.34,0.18,0
7201,2017-11-01,1,2215,62.0,62,3.6,7.75,0.61,6.41,0.34,0
7201,2017-12-01,1,2215,47.0,47,3.6,6.52,0.68,10.29,6.41,0
7201,2018-01-01,1,2215,124.0,124,3.6,19.77,0.78,9.3,10.29,0
7201,2018-02-01,1,2215,51.0,51,3.6,8.15,0.78,5.32,9.3,0
7201,2018-03-01,1,2215,66.0,66,3.6,9.38,0.7,3.17,5.32,0
7201,2018-04-01,1,2215,105.0,105,3.6,14.88,0.7,4.29,3.17,0
7201,2018-05-01,1,2215,62.0,62,3.6,8.56,0.68,0.62,4.29,0
7201,2018-06-01,1,2215,48.0,48,3.6,6.11,0.62,0.61,0.62,0
7201,2018-07-01,1,2215,67.0,67,3.6,9.58,0.7,4.0,0.61,0
7201,2018-08-01,1,2215,77.0,77,3.6,9.58,0.61,0.23,4.0,0
7201,2018-09-01,1,2215,94.0,94,3.6,13.66,0.71,0.36,0.23,0
7201,2018-10-01,1,2215,25.0,25,3.6,3.26,0.64,0.56,0.36,0
7202,2016-12-01,1,673,14.0,8,4.5,17.66,1.0,4.39,1.55,0
7202,2017-01-01,1,673,14.0,16,4.5,26.49,0.75,5.64,4.39,0
7202,2017-02-01,1,673,14.0,13,4.5,26.49,0.92,3.42,5.64,0
7202,2017-03-01,1,673,14.0,13,4.5,22.08,0.77,5.78,3.42,0
7202,2017-04-01,1,673,6.0,10,4.5,13.25,0.6,4.8,5.78,0
7202,2017-05-01,1,673,10.0,10,4.5,15.45,0.7,0.57,4.8,0
7202,2017-06-01,1,673,5.0,5,4.5,2.21,0.2,1.12,0.57,0
7202,2017-07-01,1,673,11.0,11,4.5,15.45,0.64,0.82,1.12,0
7202,2017-08-01,1,673,17.0,17,4.5,24.29,0.65,0.36,0.82,0
7202,2017-09-01,1,673,21.0,21,4.5,33.12,0.71,0.18,0.36,0
7202,2017-10-01,1,673,22.0,22,4.5,37.53,0.77,0.34,0.18,0
7202,2017-11-01,1,673,19.0,19,4.5,33.12,0.79,6.41,0.34,0
7202,2017-12-01,1,673,11.0,11,4.5,15.45,0.64,10.29,6.41,0
7202,2018-01-01,1,673,36.0,36,4.5,55.2,0.69,9.3,10.29,0
7202,2018-02-01,1,673,11.0,11,4.5,24.29,1.0,5.32,9.3,0
7202,2018-03-01,1,673,17.0,17,4.5,35.33,0.94,3.17,5.32,0
7202,2018-04-01,1,673,27.0,27,4.5,39.74,0.67,4.29,3.17,0
7202,2018-05-01,1,673,21.0,21,4.5,30.91,0.67,0.62,4.29,0
7202,2018-06-01,1,673,19.0,19,4.5,24.29,0.58,0.61,0.62,0
7202,2018-07-01,1,673,18.0,18,4.5,30.91,0.78,4.0,0.61,0
7202,2018-08-01,1,673,24.0,24,4.5,30.91,0.58,0.23,4.0,0
7202,2018-09-01,1,673,25.0,25,4.5,41.95,0.76,0.36,0.23,0
7202,2018-10-01,1,673,3.0,3,4.5,6.62,1.0,0.56,0.36,0
7207,2016-12-01,0,972,14.0,5,7.0,4.23,0.8,4.39,1.55,1
7207,2017-01-01,0,972,14.0,14,7.0,6.35,0.43,5.64,4.39,1
7207,2017-02-01,0,972,2.0,14,7.0,9.53,0.64,3.42,5.64,1
7207,2017-03-01,0,972,14.0,6,7.0,4.23,0.67,5.78,3.42,1
7207,2017-04-01,0,972,14.0,3,7.0,0.0,0.0,4.8,5.78,1
7207,2017-05-01,0,972,14.0,4,7.0,2.12,0.5,0.57,4.8,1
7207,2017-06-01,0,972,14.0,4,7.0,3.18,0.75,1.12,0.57,1
7207,2017-07-01,0,972,20.0,20,7.0,12.7,0.6,0.82,1.12,1
7207,2017-08-01,0,972,55.0,55,7.0,29.64,0.51,0.36,0.82,1
7207,2017-09-01,0,972,29.0,29,7.0,21.17,0.69,0.18,0.36,1
7207,2017-10-01,0,972,18.0,18,7.0,7.41,0.39,0.34,0.18,1
7207,2017-11-01,0,972,13.0,13,7.0,7.41,0.54,6.41,0.34,1
7207,2017-12-01,0,972,9.0,9,7.0,4.23,0.44,10.29,6.41,1
7207,2018-01-01,0,972,45.0,45,7.0,27.52,0.58,9.3,10.29,1
7207,2018-02-01,0,972,36.0,37,7.0,19.05,0.49,5.32,9.3,1
7207,2018-03-01,0,972,83.0,83,7.0,40.22,0.46,3.17,5.32,1
7207,2018-04-01,0,972,53.0,53,7.0,34.93,0.62,4.29,3.17,1
7207,2018-05-01,0,972,41.0,42,7.0,24.34,0.55,0.62,4.29,1
7207,2018-06-01,0,972,36.0,37,7.0,21.17,0.54,0.61,0.62,1
7207,2018-07-01,0,972,33.0,33,7.0,17.99,0.52,4.0,0.61,1
7207,2018-08-01,0,972,53.0,53,7.0,35.99,0.64,0.23,4.0,1
7207,2018-09-01,0,972,54.0,54,7.0,29.64,0.52,0.36,0.23,1
7207,2018-10-01,0,972,42.0,42,7.0,21.17,0.48,0.56,0.36,1
7208,2016-12-01,1,366,14.0,20,5.0,74.65,0.5,4.39,1.55,0
7208,2017-01-01,1,366,14.0,31,5.0,97.05,0.42,5.64,4.39,0
7208,2017-02-01,1,366,7.0,40,5.0,164.23,0.55,3.42,5.64,0
7208,2017-03-01,1,366,14.0,27,5.0,82.12,0.41,5.78,3.42,0
7208,2017-04-01,1,366,14.0,14,5.0,59.72,0.57,4.8,5.78,0
7208,2017-05-01,1,366,14.0,20,5.0,59.72,0.4,0.57,4.8,0
7208,2017-06-01,1,366,14.0,22,5.0,67.19,0.41,1.12,0.57,0
7208,2017-07-01,1,366,25.0,25,5.0,67.19,0.36,0.82,1.12,0
7208,2017-08-01,1,366,39.0,39,5.0,67.19,0.23,0.36,0.82,0
7208,2017-09-01,1,366,34.0,34,5.0,134.37,0.53,0.18,0.36,0
7208,2017-10-01,1,366,32.0,32,5.0,134.37,0.56,0.34,0.18,0
7208,2017-11-01,1,366,17.0,17,5.0,67.19,0.53,6.41,0.34,0
7208,2017-12-01,1,366,15.0,15,5.0,59.72,0.53,10.29,6.41,0
7208,2018-01-01,1,366,32.0,32,5.0,156.77,0.66,9.3,10.29,0
7208,2018-02-01,1,366,22.0,22,5.0,82.12,0.5,5.32,9.3,0
7208,2018-03-01,1,366,47.0,47,5.0,97.05,0.28,3.17,5.32,0
7208,2018-04-01,1,366,50.0,50,5.0,89.58,0.24,4.29,3.17,0
7208,2018-05-01,1,366,28.0,28,5.0,89.58,0.43,0.62,4.29,0
7208,2018-06-01,1,366,20.0,20,5.0,59.72,0.4,0.61,0.62,0
7208,2018-07-01,1,366,26.0,26,5.0,89.58,0.46,4.0,0.61,0
7208,2018-08-01,1,366,31.0,31,5.0,37.33,0.16,0.23,4.0,0
7208,2018-09-01,1,366,33.0,33,5.0,97.05,0.39,0.36,0.23,0
7208,2018-10-01,1,366,46.0,46,5.0,201.56,0.59,0.56,0.36,0
7209,2017-04-01,0,334,1.0,1,7.0,8.96,1.0,4.8,5.78,1
7209,2017-05-01,0,334,3.0,3,7.0,8.96,0.33,0.57,4.8,1
7209,2017-08-01,0,334,3.0,3,7.0,17.93,0.67,0.36,0.82,1
7209,2017-09-01,0,334,6.0,6,7.0,44.82,0.83,0.18,0.36,1
7209,2017-10-01,0,334,2.0,2,7.0,8.96,0.5,0.34,0.18,1
7209,2017-11-01,0,334,5.0,5,7.0,44.82,1.0,6.41,0.34,1
7209,2017-12-01,0,334,2.0,2,7.0,17.93,1.0,10.29,6.41,1
7209,2018-01-01,0,334,7.0,7,7.0,44.82,0.71,9.3,10.29,1
7209,2018-02-01,0,334,4.0,4,7.0,26.89,0.75,5.32,9.3,1
7209,2018-03-01,0,334,5.0,5,7.0,35.86,0.8,3.17,5.32,1
7209,2018-04-01,0,334,9.0,9,7.0,62.75,0.78,4.29,3.17,1
7209,2018-05-01,0,334,2.0,2,7.0,17.93,1.0,0.62,4.29,1
7209,2018-06-01,0,334,3.0,3,7.0,8.96,0.33,0.61,0.62,1
7209,2018-07-01,0,334,4.0,4,7.0,17.93,0.5,4.0,0.61,1
7209,2018-08-01,0,334,2.0,2,7.0,17.93,1.0,0.23,4.0,1
7209,2018-09-01,0,334,12.0,12,7.0,80.68,0.75,0.36,0.23,1
7209,2018-10-01,0,334,1.0,1,7.0,8.96,1.0,0.56,0.36,1
7210,2017-01-01,0,348,14.0,2,7.0,8.26,0.5,5.64,4.39,1
7210,2017-04-01,0,348,1.0,2,7.0,8.26,0.5,4.8,5.78,1
7210,2017-05-01,0,348,1.0,1,7.0,8.26,1.0,0.57,4.8,1
7210,2017-08-01,0,348,3.0,3,7.0,24.77,1.0,0.36,0.82,1
7210,2017-09-01,0,348,2.0,2,7.0,16.51,1.0,0.18,0.36,1
7210,2017-10-01,0,348,6.0,6,7.0,41.29,0.83,0.34,0.18,1
7210,2017-11-01,0,348,6.0,6,7.0,41.29,0.83,6.41,0.34,1
7210,2017-12-01,0,348,2.0,2,7.0,0.0,0.0,10.29,6.41,1
7210,2018-01-01,0,348,22.0,22,7.0,140.38,0.77,9.3,10.29,1
7210,2018-02-01,0,348,3.0,3,7.0,24.77,1.0,5.32,9.3,1
7210,2018-03-01,0,348,4.0,4,7.0,24.77,0.75,3.17,5.32,1
7210,2018-04-01,0,348,12.0,12,7.0,74.32,0.75,4.29,3.17,1
7210,2018-05-01,0,348,10.0,10,7.0,49.54,0.6,0.62,4.29,1
7210,2018-06-01,0,348,2.0,2,7.0,16.51,1.0,0.61,0.62,1
7210,2018-07-01,0,348,3.0,3,7.0,24.77,1.0,4.0,0.61,1
7210,2018-08-01,0,348,2.0,2,7.0,0.0,0.0,0.23,4.0,1
7210,2018-09-01,0,348,4.0,4,7.0,24.77,0.75,0.36,0.23,1
7210,2018-10-01,0,348,4.0,4,7.0,16.51,0.5,0.56,0.36,1
7211,2016-12-01,0,822,14.0,10,2.1,10.36,0.7,4.39,1.55,0
7211,2017-01-01,0,822,14.0,10,2.1,8.88,0.6,5.64,4.39,0
7211,2017-02-01,0,822,14.0,12,2.1,13.32,0.75,3.42,5.64,0
7211,2017-03-01,0,822,14.0,13,2.1,14.8,0.77,5.78,3.42,0
7211,2017-04-01,0,822,4.0,14,2.1,16.28,0.79,4.8,5.78,0
7211,2017-05-01,0,822,17.0,17,2.1,17.76,0.71,0.57,4.8,0
7211,2017-06-01,0,822,14.0,14,2.1,19.24,0.93,1.12,0.57,0
7211,2017-07-01,0,822,32.0,32,2.1,34.04,0.72,0.82,1.12,0
7211,2017-08-01,0,822,19.0,19,2.1,19.24,0.68,0.36,0.82,0
7211,2017-09-01,0,822,13.0,13,2.1,19.24,1.0,0.18,0.36,0
7211,2017-10-01,0,822,24.0,24,2.1,28.12,0.79,0.34,0.18,0
7211,2017-11-01,0,822,20.0,20,2.1,17.76,0.6,6.41,0.34,0
7211,2017-12-01,0,822,12.0,12,2.1,10.36,0.58,10.29,6.41,0
7211,2018-01-01,0,822,25.0,25,2.1,34.04,0.92,9.3,10.29,0
7211,2018-02-01,0,822,18.0,18,2.1,17.76,0.67,5.32,9.3,0
7211,2018-03-01,0,822,4.0,4,2.1,1.48,0.25,3.17,5.32,0
7211,2018-04-01,0,822,19.0,19,2.1,23.68,0.84,4.29,3.17,0
7211,2018-05-01,0,822,13.0,13,2.1,13.32,0.69,0.62,4.29,0
7211,2018-06-01,0,822,19.0,19,2.1,22.2,0.79,0.61,0.62,0
7211,2018-07-01,0,822,18.0,18,2.1,19.24,0.72,4.0,0.61,0
7211,2018-08-01,0,822,13.0,13,2.1,16.28,0.85,0.23,4.0,0
7211,2018-09-01,0,822,17.0,17,2.1,20.72,0.82,0.36,0.23,0
7211,2018-10-01,0,822,2.0,2,2.1,1.48,0.5,0.56,0.36,0
7212,2016-12-01,1,515,14.0,6,4.9,7.54,0.33,4.39,1.55,0
7212,2017-01-01,1,515,14.0,9,4.9,11.31,0.33,5.64,4.39,0
7212,2017-02-01,1,515,2.0,18,4.9,30.16,0.44,3.42,5.64,0
7212,2017-03-01,1,515,14.0,17,4.9,30.16,0.47,5.78,3.42,0
7212,2017-04-01,1,515,14.0,15,4.9,30.16,0.53,4.8,5.78,0
7212,2017-05-01,1,515,14.0,9,4.9,11.31,0.33,0.57,4.8,0
7212,2017-06-01,1,515,14.0,10,4.9,18.85,0.5,1.12,0.57,0
7212,2017-07-01,1,515,18.0,18,4.9,37.7,0.56,0.82,1.12,0
7212,2017-08-01,1,515,25.0,25,4.9,30.16,0.32,0.36,0.82,0
7212,2017-09-01,1,515,9.0,9,4.9,7.54,0.22,0.18,0.36,0
7212,2017-10-01,1,515,15.0,15,4.9,22.62,0.4,0.34,0.18,0
7212,2017-11-01,1,515,10.0,11,4.9,18.85,0.45,6.41,0.34,0
7212,2017-12-01,1,515,16.0,16,4.9,15.08,0.25,10.29,6.41,0
7212,2018-01-01,1,515,36.0,36,4.9,41.47,0.31,9.3,10.29,0
7212,2018-02-01,1,515,29.0,29,4.9,60.33,0.55,5.32,9.3,0
7212,2018-03-01,1,515,31.0,31,4.9,64.1,0.55,3.17,5.32,0
7212,2018-04-01,1,515,29.0,29,4.9,30.16,0.28,4.29,3.17,0
7212,2018-05-01,1,515,20.0,21,4.9,52.79,0.67,0.62,4.29,0
7212,2018-06-01,1,515,15.0,15,4.9,26.39,0.47,0.61,0.62,0
7212,2018-07-01,1,515,23.0,23,4.9,26.39,0.3,4.0,0.61,0
7212,2018-08-01,1,515,23.0,23,4.9,37.7,0.43,0.23,4.0,0
7212,2018-09-01,1,515,38.0,38,4.9,71.64,0.5,0.36,0.23,0
7212,2018-10-01,1,515,43.0,43,4.9,79.18,0.49,0.56,0.36,0
7213,2016-12-01,1,374,14.0,12,7.0,42.9,0.5,4.39,1.55,1
7213,2017-01-01,1,374,14.0,9,7.0,57.19,0.89,5.64,4.39,1
7213,2017-02-01,1,374,14.0,32,7.0,135.83,0.59,3.42,5.64,1
7213,2017-03-01,1,374,14.0,28,7.0,121.54,0.61,5.78,3.42,1
7213,2017-04-01,1,374,14.0,15,7.0,64.34,0.6,4.8,5.78,1
7213,2017-05-01,1,374,0.0,22,7.0,92.94,0.59,0.57,4.8,1
7213,2017-06-01,1,374,2.0,17,7.0,107.24,0.88,1.12,0.57,1
7213,2017-07-01,1,374,18.0,18,7.0,57.19,0.44,0.82,1.12,1
7213,2017-08-01,1,374,15.0,15,7.0,57.19,0.53,0.36,0.82,1
7213,2017-09-01,1,374,11.0,11,7.0,42.9,0.55,0.18,0.36,1
7213,2017-10-01,1,374,17.0,17,7.0,71.49,0.59,0.34,0.18,1
7213,2017-11-01,1,374,14.0,14,7.0,50.04,0.5,6.41,0.34,1
7213,2017-12-01,1,374,5.0,5,7.0,21.45,0.6,10.29,6.41,1
7213,2018-01-01,1,374,35.0,35,7.0,121.54,0.49,9.3,10.29,1
7213,2018-02-01,1,374,3.0,3,7.0,7.15,0.33,5.32,9.3,1
7213,2018-03-01,1,374,10.0,10,7.0,57.19,0.8,3.17,5.32,1
7213,2018-04-01,1,374,8.0,8,7.0,42.9,0.75,4.29,3.17,1
7213,2018-05-01,1,374,13.0,13,7.0,78.64,0.85,0.62,4.29,1
7213,2018-06-01,1,374,5.0,5,7.0,21.45,0.6,0.61,0.62,1
7213,2018-07-01,1,374,1.0,1,7.0,7.15,1.0,4.0,0.61,1
7213,2018-08-01,1,374,10.0,10,7.0,42.9,0.6,0.23,4.0,1
7213,2018-09-01,1,374,9.0,9,7.0,42.9,0.67,0.36,0.23,1
7213,2018-10-01,1,374,18.0,18,7.0,71.49,0.56,0.56,0.36,1
7217,2016-12-01,1,272,14.0,6,7.0,81.1,1.0,4.39,1.55,1
7217,2017-01-01,1,272,14.0,12,7.0,135.16,0.83,5.64,4.39,1
7217,2017-02-01,1,272,14.0,4,7.0,40.55,0.75,3.42,5.64,1
7217,2017-03-01,1,272,14.0,10,7.0,108.13,0.8,5.78,3.42,1
7217,2017-04-01,1,272,2.0,6,7.0,81.1,1.0,4.8,5.78,1
7217,2017-05-01,1,272,9.0,9,7.0,67.58,0.56,0.57,4.8,1
7217,2017-06-01,1,272,6.0,6,7.0,81.1,1.0,1.12,0.57,1
7217,2017-07-01,1,272,7.0,7,7.0,67.58,0.71,0.82,1.12,1
7217,2017-08-01,1,272,6.0,6,7.0,67.58,0.83,0.36,0.82,1
7217,2017-09-01,1,272,5.0,5,7.0,54.07,0.8,0.18,0.36,1
7217,2017-10-01,1,272,10.0,10,7.0,108.13,0.8,0.34,0.18,1
7217,2017-11-01,1,272,10.0,10,7.0,81.1,0.6,6.41,0.34,1
7217,2017-12-01,1,272,7.0,7,7.0,81.1,0.86,10.29,6.41,1
7217,2018-01-01,1,272,22.0,22,7.0,256.81,0.86,9.3,10.29,1
7217,2018-02-01,1,272,14.0,14,7.0,148.68,0.79,5.32,9.3,1
7217,2018-03-01,1,272,6.0,6,7.0,67.58,0.83,3.17,5.32,1
7217,2018-04-01,1,272,12.0,12,7.0,148.68,0.92,4.29,3.17,1
7217,2018-05-01,1,272,17.0,17,7.0,162.2,0.71,0.62,4.29,1
7217,2018-06-01,1,272,12.0,12,7.0,108.13,0.67,0.61,0.62,1
7217,2018-07-01,1,272,15.0,15,7.0,121.65,0.6,4.0,0.61,1
7217,2018-08-01,1,272,12.0,12,7.0,135.16,0.83,0.23,4.0,1
7217,2018-09-01,1,272,12.0,12,7.0,94.62,0.58,0.36,0.23,1
7217,2018-10-01,1,272,1.0,1,7.0,0.0,0.0,0.56,0.36,1
7218,2016-12-01,1,492,14.0,38,9.9,70.23,0.45,4.39,1.55,0
7218,2017-01-01,1,492,14.0,50,9.9,107.41,0.52,5.64,4.39,0
7218,2017-02-01,1,492,10.0,59,9.9,165.25,0.68,3.42,5.64,0
7218,2017-03-01,1,492,14.0,62,9.9,123.93,0.48,5.78,3.42,0
7218,2017-04-01,1,492,14.0,54,9.9,169.38,0.76,4.8,5.78,0
7218,2017-05-01,1,492,14.0,56,9.9,140.46,0.61,0.57,4.8,0
7218,2017-06-01,1,492,14.0,47,9.9,128.07,0.66,1.12,0.57,0
7218,2017-07-01,1,492,62.0,62,9.9,169.38,0.66,0.82,1.12,0
7218,2017-08-01,1,492,68.0,68,9.9,144.59,0.51,0.36,0.82,0
7218,2017-09-01,1,492,40.0,42,9.9,107.41,0.62,0.18,0.36,0
7218,2017-10-01,1,492,37.0,59,9.9,90.89,0.37,0.34,0.18,0
7218,2017-11-01,1,492,36.0,36,9.9,95.02,0.64,6.41,0.34,0
7218,2017-12-01,1,492,26.0,27,9.9,49.57,0.44,10.29,6.41,0
7218,2018-01-01,1,492,47.0,50,9.9,115.67,0.56,9.3,10.29,0
7218,2018-02-01,1,492,35.0,39,9.9,115.67,0.72,5.32,9.3,0
7218,2018-03-01,1,492,49.0,52,9.9,111.54,0.52,3.17,5.32,0
7218,2018-04-01,1,492,68.0,76,9.9,190.03,0.61,4.29,3.17,0
7218,2018-05-01,1,492,49.0,57,9.9,132.2,0.56,0.62,4.29,0
7218,2018-06-01,1,492,43.0,58,9.9,115.67,0.48,0.61,0.62,0
7218,2018-07-01,1,492,26.0,34,9.9,57.84,0.41,4.0,0.61,0
7218,2018-08-01,1,492,21.0,31,9.9,61.97,0.48,0.23,4.0,0
7218,2018-09-01,1,492,40.0,53,9.9,132.2,0.6,0.36,0.23,0
7218,2018-10-01,1,492,42.0,51,9.9,107.41,0.51,0.56,0.36,0
7219,2016-12-01,0,217,14.0,8,2.8,42.47,0.25,4.39,1.55,0
7219,2017-01-01,0,217,14.0,10,2.8,106.18,0.5,5.64,4.39,0
7219,2017-02-01,0,217,2.0,12,2.8,84.95,0.33,3.42,5.64,0
7219,2017-03-01,0,217,14.0,12,2.8,169.89,0.67,5.78,3.42,0
7219,2017-04-01,0,217,14.0,5,2.8,84.95,0.8,4.8,5.78,0
7219,2017-05-01,0,217,14.0,4,2.8,63.71,0.75,0.57,4.8,0
7219,2017-06-01,0,217,14.0,8,2.8,127.42,0.75,1.12,0.57,0
7219,2017-07-01,0,217,13.0,13,2.8,148.65,0.54,0.82,1.12,0
7219,2017-08-01,0,217,23.0,23,2.8,318.55,0.65,0.36,0.82,0
7219,2017-09-01,0,217,6.0,6,2.8,84.95,0.67,0.18,0.36,0
7219,2017-10-01,0,217,24.0,24,2.8,106.18,0.21,0.34,0.18,0
7219,2017-11-01,0,217,16.0,17,2.8,276.07,0.76,6.41,0.34,0
7219,2017-12-01,0,217,5.0,5,2.8,106.18,1.0,10.29,6.41,0
7219,2018-01-01,0,217,18.0,18,2.8,276.07,0.72,9.3,10.29,0
7219,2018-02-01,0,217,19.0,20,2.8,212.36,0.5,5.32,9.3,0
7219,2018-03-01,0,217,37.0,37,2.8,445.96,0.57,3.17,5.32,0
7219,2018-04-01,0,217,20.0,20,2.8,191.13,0.45,4.29,3.17,0
7219,2018-05-01,0,217,14.0,14,2.8,106.18,0.36,0.62,4.29,0
7219,2018-06-01,0,217,9.0,9,2.8,63.71,0.33,0.61,0.62,0
7219,2018-07-01,0,217,14.0,15,2.8,127.42,0.4,4.0,0.61,0
7219,2018-08-01,0,217,18.0,18,2.8,212.36,0.56,0.23,4.0,0
7219,2018-09-01,0,217,29.0,29,2.8,339.78,0.55,0.36,0.23,0
7219,2018-10-01,0,217,18.0,18,2.8,148.65,0.39,0.56,0.36,0
7220,2016-12-01,1,1262,14.0,30,7.0,13.19,0.7,4.39,1.55,1
7220,2017-01-01,1,1262,14.0,39,7.0,16.95,0.69,5.64,4.39,1
7220,2017-02-01,1,1262,14.0,20,7.0,10.05,0.8,3.42,5.64,1
7220,2017-03-01,1,1262,14.0,36,7.0,18.84,0.83,5.78,3.42,1
7220,2017-04-01,1,1262,19.0,24,7.0,11.93,0.79,4.8,5.78,1
7220,2017-05-01,1,1262,25.0,25,7.0,13.19,0.84,0.57,4.8,1
7220,2017-06-01,1,1262,25.0,25,7.0,11.93,0.76,1.12,0.57,1
7220,2017-07-01,1,1262,34.0,34,7.0,17.58,0.82,0.82,1.12,1
7220,2017-08-01,1,1262,29.0,29,7.0,11.93,0.66,0.36,0.82,1
7220,2017-09-01,1,1262,35.0,35,7.0,15.07,0.69,0.18,0.36,1
7220,2017-10-01,1,1262,35.0,35,7.0,15.07,0.69,0.34,0.18,1
7220,2017-11-01,1,1262,34.0,34,7.0,12.56,0.59,6.41,0.34,1
7220,2017-12-01,1,1262,18.0,18,7.0,6.91,0.61,10.29,6.41,1
7220,2018-01-01,1,1262,83.0,83,7.0,40.18,0.77,9.3,10.29,1
7220,2018-02-01,1,1262,22.0,22,7.0,12.56,0.91,5.32,9.3,1
7220,2018-03-01,1,1262,44.0,44,7.0,23.23,0.84,3.17,5.32,1
7220,2018-04-01,1,1262,76.0,76,7.0,35.79,0.75,4.29,3.17,1
7220,2018-05-01,1,1262,30.0,30,7.0,11.3,0.6,0.62,4.29,1
7220,2018-06-01,1,1262,40.0,40,7.0,15.7,0.62,0.61,0.62,1
7220,2018-07-01,1,1262,30.0,30,7.0,14.44,0.77,4.0,0.61,1
7220,2018-08-01,1,1262,43.0,43,7.0,14.44,0.53,0.23,4.0,1
7220,2018-09-01,1,1262,50.0,50,7.0,20.72,0.66,0.36,0.23,1
7220,2018-10-01,1,1262,12.0,12,7.0,3.14,0.42,0.56,0.36,1
7221,2016-12-01,1,290,14.0,10,4.8,83.23,0.7,4.39,1.55,0
7221,2017-01-01,1,290,14.0,25,4.8,225.92,0.76,5.64,4.39,0
7221,2017-02-01,1,290,14.0,34,4.8,332.94,0.82,3.42,5.64,0
7221,2017-03-01,1,290,14.0,22,4.8,154.58,0.59,5.78,3.42,0
7221,2017-04-01,1,290,14.0,32,4.8,332.94,0.88,4.8,5.78,0
7221,2017-05-01,1,290,14.0,42,4.8,249.7,0.5,0.57,4.8,0
7221,2017-06-01,1,290,11.0,18,4.8,83.23,0.39,1.12,0.57,0
7221,2017-07-01,1,290,20.0,21,4.8,142.69,0.57,0.82,1.12,0
7221,2017-08-01,1,290,17.0,17,4.8,71.34,0.35,0.36,0.82,0
7221,2017-09-01,1,290,2.0,3,4.8,0.0,0.0,0.18,0.36,0
7221,2017-10-01,1,290,8.0,8,4.8,47.56,0.5,0.34,0.18,0
7221,2017-11-01,1,290,16.0,16,4.8,95.12,0.5,6.41,0.34,0
7221,2017-12-01,1,290,18.0,18,4.8,142.69,0.67,10.29,6.41,0
7221,2018-01-01,1,290,46.0,46,4.8,392.39,0.72,9.3,10.29,0
7221,2018-02-01,1,290,48.0,48,4.8,404.28,0.71,5.32,9.3,0
7221,2018-03-01,1,290,54.0,56,4.8,499.41,0.75,3.17,5.32,0
7221,2018-04-01,1,290,49.0,50,4.8,392.39,0.66,4.29,3.17,0
7221,2018-05-01,1,290,51.0,52,4.8,499.41,0.81,0.62,4.29,0
7221,2018-06-01,1,290,13.0,15,4.8,107.02,0.6,0.61,0.62,0
7221,2018-07-01,1,290,30.0,30,4.8,261.59,0.73,4.0,0.61,0
7221,2018-08-01,1,290,41.0,41,4.8,273.48,0.56,0.23,4.0,0
7221,2018-09-01,1,290,17.0,17,4.8,59.45,0.29,0.36,0.23,0
7221,2018-10-01,1,290,20.0,20,4.8,130.8,0.55,0.56,0.36,0
7222,2016-12-01,0,276,14.0,1,7.0,13.13,1.0,4.39,1.55,1
7222,2017-01-01,0,276,14.0,16,7.0,131.27,0.62,5.64,4.39,1
7222,2017-02-01,0,276,14.0,10,7.0,131.27,1.0,3.42,5.64,1
7222,2017-03-01,0,276,14.0,7,7.0,65.64,0.71,5.78,3.42,1
7222,2017-06-01,0,276,1.0,1,7.0,13.13,1.0,1.12,0.57,1
7222,2017-07-01,0,276,1.0,1,7.0,13.13,1.0,0.82,1.12,1
7222,2017-09-01,0,276,7.0,7,7.0,0.0,0.0,0.18,0.82,1
7222,2017-10-01,0,276,1.0,1,7.0,0.0,0.0,0.34,0.18,1
7222,2017-11-01,0,276,1.0,1,7.0,13.13,1.0,6.41,0.34,1
7222,2017-12-01,0,276,9.0,9,7.0,52.51,0.44,10.29,6.41,1
7222,2018-01-01,0,276,34.0,34,7.0,301.93,0.68,9.3,10.29,1
7222,2018-02-01,0,276,37.0,37,7.0,367.57,0.76,5.32,9.3,1
7222,2018-03-01,0,276,36.0,36,7.0,393.82,0.83,3.17,5.32,1
7222,2018-04-01,0,276,35.0,35,7.0,367.57,0.8,4.29,3.17,1
7222,2018-05-01,0,276,18.0,19,7.0,196.91,0.79,0.62,4.29,1
7222,2018-06-01,0,276,20.0,20,7.0,118.15,0.45,0.61,0.62,1
7222,2018-07-01,0,276,13.0,13,7.0,52.51,0.31,4.0,0.61,1
7222,2018-08-01,0,276,9.0,9,7.0,52.51,0.44,0.23,4.0,1
7222,2018-09-01,0,276,8.0,8,7.0,0.0,0.0,0.36,0.23,1
7222,2018-10-01,0,276,5.0,5,7.0,26.25,0.4,0.56,0.36,1
7223,2016-12-01,0,111,14.0,2,7.0,162.32,1.0,4.39,1.55,1
7223,2017-02-01,0,111,14.0,7,7.0,243.49,0.43,3.42,5.64,1
7223,2017-04-01,0,111,14.0,18,7.0,973.95,0.67,4.8,5.78,1
7223,2017-06-01,0,111,9.0,12,7.0,811.62,0.83,1.12,0.57,1
7223,2017-07-01,0,111,14.0,14,7.0,730.46,0.64,0.82,1.12,1
7223,2017-08-01,0,111,17.0,17,7.0,405.81,0.29,0.36,0.82,1
7223,2017-09-01,0,111,5.0,5,7.0,243.49,0.6,0.18,0.36,1
7223,2017-10-01,0,111,11.0,11,7.0,486.97,0.55,0.34,0.18,1
7223,2017-11-01,0,111,12.0,12,7.0,243.49,0.25,6.41,0.34,1
7223,2017-12-01,0,111,14.0,14,7.0,568.14,0.5,10.29,6.41,1
7226,2017-01-01,0,218,14.0,3,7.0,21.04,0.33,5.64,4.39,1
7226,2017-02-01,0,218,14.0,13,7.0,231.46,0.85,3.42,5.64,1
7226,2017-03-01,0,218,14.0,25,7.0,294.59,0.56,5.78,3.42,1
7226,2017-04-01,0,218,14.0,1,7.0,21.04,1.0,4.8,5.78,1
7226,2017-05-01,0,218,14.0,3,7.0,21.04,0.33,0.57,4.8,1
7226,2017-06-01,0,218,5.0,8,7.0,42.08,0.25,1.12,0.57,1
7226,2017-07-01,0,218,8.0,8,7.0,63.13,0.38,0.82,1.12,1
7226,2017-08-01,0,218,7.0,7,7.0,63.13,0.43,0.36,0.82,1
7226,2017-09-01,0,218,3.0,3,7.0,21.04,0.33,0.18,0.36,1
7226,2017-11-01,0,218,10.0,10,7.0,21.04,0.1,6.41,0.18,1
7226,2017-12-01,0,218,13.0,13,7.0,105.21,0.38,10.29,6.41,1
7226,2018-01-01,0,218,32.0,32,7.0,462.92,0.69,9.3,10.29,1
7226,2018-02-01,0,218,17.0,17,7.0,231.46,0.65,5.32,9.3,1
7226,2018-03-01,0,218,23.0,23,7.0,420.84,0.87,3.17,5.32,1
7226,2018-04-01,0,218,21.0,21,7.0,168.34,0.38,4.29,3.17,1
7226,2018-05-01,0,218,22.0,22,7.0,252.5,0.55,0.62,4.29,1
7226,2018-06-01,0,218,9.0,9,7.0,42.08,0.22,0.61,0.62,1
7226,2018-07-01,0,218,12.0,12,7.0,126.25,0.5,4.0,0.61,1
7226,2018-08-01,0,218,11.0,11,7.0,84.17,0.36,0.23,4.0,1
7226,2018-09-01,0,218,16.0,16,7.0,210.42,0.62,0.36,0.23,1
7226,2018-10-01,0,218,15.0,15,7.0,126.25,0.4,0.56,0.36,1
7227,2016-12-01,1,261,14.0,31,7.0,220.2,0.48,4.39,1.55,1
7227,2017-01-01,1,261,14.0,59,7.0,528.47,0.61,5.64,4.39,1
7227,2017-02-01,1,261,14.0,73,7.0,822.07,0.77,3.42,5.64,1
7227,2017-03-01,1,261,14.0,71,7.0,763.35,0.73,5.78,3.42,1
7227,2017-04-01,1,261,14.0,43,7.0,381.67,0.6,4.8,5.78,1
7227,2017-05-01,1,261,14.0,50,7.0,440.39,0.6,0.57,4.8,1
7227,2017-06-01,1,261,19.0,37,7.0,278.92,0.51,1.12,0.57,1
7227,2017-07-01,1,261,26.0,26,7.0,278.92,0.73,0.82,1.12,1
7227,2017-08-01,1,261,29.0,29,7.0,220.2,0.52,0.36,0.82,1
7227,2017-09-01,1,261,13.0,13,7.0,117.44,0.62,0.18,0.36,1
7227,2017-10-01,1,261,12.0,12,7.0,73.4,0.42,0.34,0.18,1
7227,2017-11-01,1,261,20.0,20,7.0,146.8,0.5,6.41,0.34,1
7227,2017-12-01,1,261,38.0,38,7.0,234.88,0.42,10.29,6.41,1
7227,2018-01-01,1,261,62.0,62,7.0,528.47,0.58,9.3,10.29,1
7227,2018-02-01,1,261,47.0,49,7.0,499.11,0.69,5.32,9.3,1
7227,2018-04-01,1,261,71.0,73,7.0,704.63,0.66,4.29,5.32,1
7227,2018-05-01,1,261,56.0,56,7.0,513.79,0.62,0.62,4.29,1
7227,2018-06-01,1,261,28.0,28,7.0,220.2,0.54,0.61,0.62,1
7227,2018-07-01,1,261,33.0,33,7.0,249.56,0.52,4.0,0.61,1
7227,2018-08-01,1,261,27.0,28,7.0,220.2,0.54,0.23,4.0,1
7227,2018-09-01,1,261,30.0,30,7.0,234.88,0.53,0.36,0.23,1
7227,2018-10-01,1,261,17.0,17,7.0,117.44,0.47,0.56,0.36,1
7228,2016-12-01,1,193,14.0,16,7.0,241.62,0.56,4.39,1.55,1
7228,2017-01-01,1,193,14.0,26,7.0,134.23,0.19,5.64,4.39,1
7228,2017-02-01,1,193,14.0,28,7.0,536.93,0.71,3.42,5.64,1
7228,2017-03-01,1,193,14.0,30,7.0,429.54,0.53,5.78,3.42,1
7228,2017-04-01,1,193,14.0,14,7.0,241.62,0.64,4.8,5.78,1
7228,2017-05-01,1,193,14.0,24,7.0,295.31,0.46,0.57,4.8,1
7228,2017-06-01,1,193,5.0,28,7.0,429.54,0.57,1.12,0.57,1
7228,2017-07-01,1,193,8.0,11,7.0,107.39,0.36,0.82,1.12,1
7228,2017-08-01,1,193,13.0,13,7.0,161.08,0.46,0.36,0.82,1
7228,2017-09-01,1,193,16.0,16,7.0,268.46,0.62,0.18,0.36,1
7228,2017-10-01,1,193,9.0,9,7.0,241.62,1.0,0.34,0.18,1
7228,2017-11-01,1,193,11.0,11,7.0,187.92,0.64,6.41,0.34,1
7228,2017-12-01,1,193,17.0,17,7.0,349.0,0.76,10.29,6.41,1
7228,2018-01-01,1,193,18.0,18,7.0,349.0,0.72,9.3,10.29,1
7228,2018-02-01,1,193,25.0,25,7.0,375.85,0.56,5.32,9.3,1
7228,2018-03-01,1,193,15.0,15,7.0,349.0,0.87,3.17,5.32,1
7228,2018-04-01,1,193,10.0,10,7.0,241.62,0.9,4.29,3.17,1
7228,2018-05-01,1,193,29.0,29,7.0,483.23,0.62,0.62,4.29,1
7228,2018-06-01,1,193,16.0,16,7.0,295.31,0.69,0.61,0.62,1
7228,2018-07-01,1,193,15.0,15,7.0,268.46,0.67,4.0,0.61,1
7228,2018-08-01,1,193,20.0,21,7.0,402.7,0.71,0.23,4.0,1
7228,2018-09-01,1,193,12.0,12,7.0,161.08,0.5,0.36,0.23,1
7228,2018-10-01,1,193,18.0,20,7.0,322.16,0.6,0.56,0.36,1
7229,2016-12-01,0,516,0.0,9,7.0,15.02,0.44,4.39,1.55,1
7229,2017-01-01,0,516,14.0,10,7.0,33.8,0.9,5.64,4.39,1
7229,2017-02-01,0,516,1.0,34,7.0,97.65,0.76,3.42,5.64,1
7229,2017-03-01,0,516,14.0,17,7.0,56.34,0.88,5.78,3.42,1
7229,2017-04-01,0,516,14.0,7,7.0,26.29,1.0,4.8,5.78,1
7229,2017-05-01,0,516,14.0,4,7.0,11.27,0.75,0.57,4.8,1
7229,2017-06-01,0,516,12.0,14,7.0,33.8,0.64,1.12,0.57,1
7229,2017-07-01,0,516,8.0,8,7.0,22.53,0.75,0.82,1.12,1
7229,2017-08-01,0,516,2.0,2,7.0,0.0,0.0,0.36,0.82,1
7229,2017-09-01,0,516,2.0,2,7.0,3.76,0.5,0.18,0.36,1
7229,2017-10-01,0,516,5.0,5,7.0,7.51,0.4,0.34,0.18,1
7229,2017-11-01,0,516,1.0,1,7.0,3.76,1.0,6.41,0.34,1
7229,2017-12-01,0,516,1.0,1,7.0,3.76,1.0,10.29,6.41,1
7229,2018-01-01,0,516,3.0,3,7.0,3.76,0.33,9.3,10.29,1
7229,2018-02-01,0,516,6.0,6,7.0,15.02,0.67,5.32,9.3,1
7229,2018-03-01,0,516,2.0,2,7.0,3.76,0.5,3.17,5.32,1
7229,2018-06-01,0,516,1.0,1,7.0,0.0,0.0,0.61,3.17,1
7229,2018-08-01,0,516,2.0,2,7.0,0.0,0.0,0.23,0.61,1
7230,2016-12-01,1,516,14.0,1,0.5,3.76,1.0,4.39,1.55,0
7230,2017-01-01,1,516,14.0,7,0.5,11.27,0.43,5.64,4.39,0
7230,2017-02-01,1,516,14.0,58,0.5,176.52,0.81,3.42,5.64,0
7230,2017-03-01,1,516,14.0,83,0.5,206.57,0.66,5.78,3.42,0
7230,2017-04-01,1,516,14.0,74,0.5,210.32,0.76,4.8,5.78,0
7230,2017-05-01,1,516,14.0,87,0.5,229.1,0.7,0.57,4.8,0
7230,2017-06-01,1,516,34.0,52,0.5,131.45,0.67,1.12,0.57,0
7230,2017-07-01,1,516,47.0,47,0.5,112.67,0.64,0.82,1.12,0
7230,2017-08-01,1,516,30.0,30,0.5,67.6,0.6,0.36,0.82,0
7230,2017-09-01,1,516,27.0,27,0.5,63.85,0.63,0.18,0.36,0
7230,2017-10-01,1,516,31.0,31,0.5,78.87,0.68,0.34,0.18,0
7230,2017-11-01,1,516,32.0,32,0.5,71.36,0.59,6.41,0.34,0
7230,2017-12-01,1,516,46.0,46,0.5,71.36,0.41,10.29,6.41,0
7230,2018-01-01,1,516,104.0,104,0.5,244.13,0.62,9.3,10.29,0
7230,2018-02-01,1,516,101.0,101,0.5,292.95,0.77,5.32,9.3,0
7230,2018-03-01,1,516,106.0,106,0.5,296.71,0.75,3.17,5.32,0
7230,2018-04-01,1,516,135.0,136,0.5,375.58,0.74,4.29,3.17,0
7230,2018-05-01,1,516,77.0,78,0.5,180.28,0.62,0.62,4.29,0
7230,2018-06-01,1,516,41.0,42,0.5,120.19,0.76,0.61,0.62,0
7230,2018-07-01,1,516,63.0,63,0.5,138.96,0.59,4.0,0.61,0
7230,2018-08-01,1,516,51.0,51,0.5,82.63,0.43,0.23,4.0,0
7230,2018-09-01,1,516,34.0,34,0.5,67.6,0.53,0.36,0.23,0
7230,2018-10-01,1,516,30.0,30,0.5,41.31,0.37,0.56,0.36,0
7232,2016-12-01,1,118,14.0,1,12.7,71.82,1.0,4.39,1.55,0
7232,2017-01-01,1,118,14.0,1,12.7,0.0,0.0,5.64,4.39,0
7232,2017-02-01,1,118,14.0,2,12.7,71.82,0.5,3.42,5.64,0
7232,2017-04-01,1,118,14.0,1,12.7,71.82,1.0,4.8,5.78,0
7232,2017-05-01,1,118,14.0,2,12.7,71.82,0.5,0.57,4.8,0
7232,2017-06-01,1,118,1.0,1,12.7,0.0,0.0,1.12,0.57,0
7232,2017-11-01,1,118,1.0,1,12.7,71.82,1.0,6.41,1.12,0
7232,2017-12-01,1,118,4.0,4,12.7,143.64,0.5,10.29,6.41,0
7232,2018-01-01,1,118,5.0,5,12.7,215.46,0.6,9.3,10.29,0
7232,2018-02-01,1,118,3.0,3,12.7,71.82,0.33,5.32,9.3,0
7232,2018-03-01,1,118,8.0,8,12.7,430.91,0.75,3.17,5.32,0
7232,2018-04-01,1,118,3.0,3,12.7,71.82,0.33,4.29,3.17,0
7232,2018-05-01,1,118,2.0,2,12.7,71.82,0.5,0.62,4.29,0
7232,2018-06-01,1,118,2.0,2,12.7,71.82,0.5,0.61,0.62,0
7233,2016-12-01,1,462,14.0,3,5.3,4.69,0.33,4.39,1.55,0
7233,2017-01-01,1,462,14.0,7,5.3,14.06,0.43,5.64,4.39,0
7233,2017-02-01,1,462,14.0,1,5.3,0.0,0.0,3.42,5.64,0
7233,2017-09-01,1,462,1.0,1,5.3,4.69,1.0,0.18,3.42,0
7233,2017-10-01,1,462,3.0,3,5.3,4.69,0.33,0.34,0.18,0
7233,2017-11-01,1,462,2.0,2,5.3,4.69,0.5,6.41,0.34,0
7233,2017-12-01,1,462,1.0,1,5.3,4.69,1.0,10.29,6.41,0
7233,2018-01-01,1,462,23.0,23,5.3,74.96,0.7,9.3,10.29,0
7233,2018-02-01,1,462,20.0,36,5.3,145.24,0.86,5.32,9.3,0
7233,2018-03-01,1,462,37.0,51,5.3,192.09,0.8,3.17,5.32,0
7233,2018-04-01,1,462,3.0,3,5.3,14.06,1.0,4.29,3.17,0
7233,2018-05-01,1,462,14.0,14,5.3,32.8,0.5,0.62,4.29,0
7233,2018-06-01,1,462,14.0,14,5.3,42.17,0.64,0.61,0.62,0
7233,2018-07-01,1,462,5.0,5,5.3,23.43,1.0,4.0,0.61,0
7233,2018-08-01,1,462,16.0,16,5.3,65.59,0.88,0.23,4.0,0
7233,2018-09-01,1,462,11.0,11,5.3,51.54,1.0,0.36,0.23,0
7233,2018-10-01,1,462,4.0,4,5.3,14.06,0.75,0.56,0.36,0
7235,2017-03-01,0,361,14.0,1,7.0,0.0,0.0,5.78,3.42,1
7235,2017-09-01,0,361,12.0,12,7.0,84.41,0.92,0.18,5.78,1
7235,2017-10-01,0,361,22.0,22,7.0,145.79,0.86,0.34,0.18,1
7235,2017-11-01,0,361,10.0,10,7.0,38.37,0.5,6.41,0.34,1
7235,2017-12-01,0,361,3.0,3,7.0,23.02,1.0,10.29,6.41,1
7235,2018-02-01,0,361,1.0,1,7.0,0.0,0.0,5.32,10.29,1
7235,2018-04-01,0,361,7.0,7,7.0,38.37,0.71,4.29,5.32,1
7235,2018-05-01,0,361,15.0,17,7.0,76.73,0.59,0.62,4.29,1
7235,2018-06-01,0,361,20.0,20,7.0,107.43,0.7,0.61,0.62,1
7235,2018-07-01,0,361,15.0,15,7.0,92.08,0.8,4.0,0.61,1
7235,2018-08-01,0,361,31.0,31,7.0,122.77,0.52,0.23,4.0,1
7235,2018-09-01,0,361,17.0,17,7.0,84.41,0.65,0.36,0.23,1
7235,2018-10-01,0,361,13.0,13,7.0,84.41,0.85,0.56,0.36,1
7236,2016-12-01,0,341,14.0,6,7.0,34.4,0.67,4.39,1.55,1
7236,2017-01-01,0,341,0.0,26,7.0,172.0,0.77,5.64,4.39,1
7236,2017-02-01,0,341,0.0,13,7.0,60.2,0.54,3.42,5.64,1
7236,2017-03-01,0,341,1.0,12,7.0,77.4,0.75,5.78,3.42,1
7236,2017-04-01,0,341,1.0,25,7.0,172.0,0.8,4.8,5.78,1
7236,2017-05-01,0,341,0.0,24,7.0,146.2,0.71,0.57,4.8,1
7236,2017-06-01,0,341,12.0,23,7.0,120.4,0.61,1.12,0.57,1
7236,2017-07-01,0,341,17.0,19,7.0,111.8,0.68,0.82,1.12,1
7236,2017-08-01,0,341,9.0,16,7.0,103.2,0.75,0.36,0.82,1
7236,2017-09-01,0,341,22.0,22,7.0,86.0,0.45,0.18,0.36,1
7236,2017-10-01,0,341,10.0,16,7.0,77.4,0.56,0.34,0.18,1
7236,2017-11-01,0,341,4.0,7,7.0,25.8,0.43,6.41,0.34,1
7236,2017-12-01,0,341,5.0,10,7.0,60.2,0.7,10.29,6.41,1
7236,2018-01-01,0,341,15.0,25,7.0,103.2,0.48,9.3,10.29,1
7236,2018-02-01,0,341,12.0,23,7.0,154.8,0.78,5.32,9.3,1
7236,2018-03-01,0,341,11.0,12,7.0,43.0,0.42,3.17,5.32,1
7236,2018-04-01,0,341,7.0,23,7.0,146.2,0.74,4.29,3.17,1
7236,2018-05-01,0,341,20.0,31,7.0,129.0,0.48,0.62,4.29,1
7236,2018-06-01,0,341,9.0,21,7.0,86.0,0.48,0.61,0.62,1
7236,2018-07-01,0,341,8.0,21,7.0,94.6,0.52,4.0,0.61,1
7236,2018-08-01,0,341,10.0,20,7.0,68.8,0.4,0.23,4.0,1
7236,2018-09-01,0,341,11.0,16,7.0,51.6,0.38,0.36,0.23,1
7236,2018-10-01,0,341,27.0,37,7.0,129.0,0.41,0.56,0.36,1
7237,2017-01-01,0,530,14.0,12,6.0,35.6,0.83,5.64,4.39,0
7237,2017-02-01,0,530,14.0,9,6.0,28.48,0.89,3.42,5.64,0
7237,2017-03-01,0,530,14.0,4,6.0,10.68,0.75,5.78,3.42,0
7237,2017-04-01,0,530,3.0,8,6.0,21.36,0.75,4.8,5.78,0
7237,2017-05-01,0,530,1.0,1,6.0,3.56,1.0,0.57,4.8,0
7237,2017-06-01,0,530,5.0,5,6.0,17.8,1.0,1.12,0.57,0
7237,2017-07-01,0,530,7.0,7,6.0,21.36,0.86,0.82,1.12,0
7237,2017-08-01,0,530,4.0,4,6.0,7.12,0.5,0.36,0.82,0
7237,2017-09-01,0,530,12.0,12,6.0,24.92,0.58,0.18,0.36,0
7237,2017-10-01,0,530,13.0,13,6.0,35.6,0.77,0.34,0.18,0
7237,2017-11-01,0,530,10.0,10,6.0,21.36,0.6,6.41,0.34,0
7237,2017-12-01,0,530,13.0,13,6.0,39.16,0.85,10.29,6.41,0
7237,2018-01-01,0,530,29.0,29,6.0,85.44,0.83,9.3,10.29,0
7237,2018-02-01,0,530,7.0,7,6.0,21.36,0.86,5.32,9.3,0
7237,2018-03-01,0,530,15.0,15,6.0,39.16,0.73,3.17,5.32,0
7237,2018-04-01,0,530,22.0,22,6.0,64.08,0.82,4.29,3.17,0
7237,2018-05-01,0,530,14.0,14,6.0,24.92,0.5,0.62,4.29,0
7237,2018-06-01,0,530,10.0,10,6.0,21.36,0.6,0.61,0.62,0
7237,2018-07-01,0,530,10.0,10,6.0,21.36,0.6,4.0,0.61,0
7237,2018-08-01,0,530,11.0,11,6.0,14.24,0.36,0.23,4.0,0
7237,2018-09-01,0,530,15.0,15,6.0,46.28,0.87,0.36,0.23,0
7237,2018-10-01,0,530,4.0,4,6.0,3.56,0.25,0.56,0.36,0
7238,2016-12-01,1,249,14.0,7,7.0,64.52,0.57,4.39,1.55,1
7238,2017-01-01,1,249,14.0,18,7.0,241.93,0.83,5.64,4.39,1
7238,2017-02-01,1,249,14.0,23,7.0,306.45,0.83,3.42,5.64,1
7238,2017-03-01,1,249,14.0,27,7.0,354.83,0.81,5.78,3.42,1
7238,2017-04-01,1,249,14.0,26,7.0,241.93,0.58,4.8,5.78,1
7238,2017-05-01,1,249,14.0,29,7.0,290.32,0.62,0.57,4.8,1
7238,2017-06-01,1,249,27.0,39,7.0,354.83,0.56,1.12,0.57,1
7238,2017-07-01,1,249,27.0,28,7.0,322.58,0.71,0.82,1.12,1
7238,2017-08-01,1,249,28.0,28,7.0,241.93,0.54,0.36,0.82,1
7238,2017-09-01,1,249,11.0,13,7.0,80.64,0.38,0.18,0.36,1
7238,2017-10-01,1,249,16.0,16,7.0,129.03,0.5,0.34,0.18,1
7238,2017-11-01,1,249,12.0,12,7.0,80.64,0.42,6.41,0.34,1
7238,2017-12-01,1,249,18.0,18,7.0,177.42,0.61,10.29,6.41,1
7238,2018-01-01,1,249,35.0,35,7.0,419.35,0.74,9.3,10.29,1
7238,2018-02-01,1,249,42.0,42,7.0,516.12,0.76,5.32,9.3,1
7238,2018-03-01,1,249,59.0,60,7.0,774.18,0.8,3.17,5.32,1
7238,2018-04-01,1,249,47.0,47,7.0,596.76,0.79,4.29,3.17,1
7238,2018-05-01,1,249,34.0,34,7.0,451.61,0.82,0.62,4.29,1
7238,2018-06-01,1,249,29.0,29,7.0,306.45,0.66,0.61,0.62,1
7238,2018-07-01,1,249,30.0,30,7.0,290.32,0.6,4.0,0.61,1
7238,2018-08-01,1,249,22.0,22,7.0,129.03,0.36,0.23,4.0,1
7238,2018-09-01,1,249,21.0,21,7.0,193.55,0.57,0.36,0.23,1
7238,2018-10-01,1,249,13.0,13,7.0,80.64,0.38,0.56,0.36,1
7239,2016-12-01,0,394,14.0,30,7.9,109.51,0.57,4.39,1.55,0
7239,2017-01-01,0,394,14.0,80,7.9,309.21,0.6,5.64,4.39,0
7239,2017-02-01,0,394,18.0,87,7.9,328.53,0.59,3.42,5.64,0
7239,2017-03-01,0,394,14.0,72,7.9,251.23,0.54,5.78,3.42,0
7239,2017-04-01,0,394,14.0,58,7.9,231.9,0.62,4.8,5.78,0
7239,2017-05-01,0,394,14.0,50,7.9,238.35,0.74,0.57,4.8,0
7239,2017-06-01,0,394,14.0,57,7.9,238.35,0.65,1.12,0.57,0
7239,2017-07-01,0,394,70.0,70,7.9,225.46,0.5,0.82,1.12,0
7239,2017-08-01,0,394,110.0,110,7.9,296.32,0.42,0.36,0.82,0
7239,2017-09-01,0,394,73.0,74,7.9,289.88,0.61,0.18,0.36,0
7239,2017-10-01,0,394,54.0,54,7.9,167.49,0.48,0.34,0.18,0
7239,2017-11-01,0,394,45.0,45,7.9,77.3,0.27,6.41,0.34,0
7239,2017-12-01,0,394,43.0,43,7.9,135.28,0.49,10.29,6.41,0
7239,2018-01-01,0,394,134.0,137,7.9,412.28,0.47,9.3,10.29,0
7239,2018-02-01,0,394,75.0,75,7.9,219.02,0.45,5.32,9.3,0
7239,2018-03-01,0,394,65.0,65,7.9,193.25,0.46,3.17,5.32,0
7239,2018-04-01,0,394,56.0,56,7.9,128.84,0.36,4.29,3.17,0
7239,2018-05-01,0,394,56.0,56,7.9,135.28,0.38,0.62,4.29,0
7239,2018-06-01,0,394,36.0,36,7.9,103.07,0.44,0.61,0.62,0
7239,2018-07-01,0,394,33.0,33,7.9,90.19,0.42,4.0,0.61,0
7239,2018-08-01,0,394,45.0,46,7.9,141.72,0.48,0.23,4.0,0
7239,2018-09-01,0,394,67.0,67,7.9,231.9,0.54,0.36,0.23,0
7239,2018-10-01,0,394,39.0,39,7.9,122.39,0.49,0.56,0.36,0
7240,2017-05-01,0,191,14.0,1,7.0,27.41,1.0,0.57,4.8,1
7240,2017-06-01,0,191,4.0,4,7.0,109.65,1.0,1.12,0.57,1
7240,2017-08-01,0,191,0.0,1,7.0,27.41,1.0,0.36,0.82,1
7240,2017-10-01,0,191,0.0,1,7.0,27.41,1.0,0.34,0.36,1
7240,2018-03-01,0,191,0.0,1,7.0,0.0,0.0,3.17,0.34,1
